,year,hit_numBat,hit_BatAge,hit_RG,hit_G,hit_PA,hit_AB,hit_R_scored,hit_H,hit_2B,hit_3B,hit_HR,hit_RBI,hit_SB,hit_CS,hit_BB,hit_SO,hit_BA,hit_OBP,hit_SLG,hit_OPS,hit_OPS+,hit_TB,hit_GDP,hit_HBP,hit_SH,hit_SF,hit_IBB,hit_LOB,pitch_numP,pitch_PAge,pitch_RAG,pitch_W,pitch_L,pitch_WL,pitch_ERA,pitch_G,pitch_GS,pitch_GF,pitch_CG,pitch_tSho,pitch_cSho,pitch_SV,pitch_IP,pitch_H,pitch_R_allowed,pitch_ER,pitch_HR,pitch_BB,pitch_IBB,pitch_SO,pitch_HBP,pitch_BK,pitch_WP,pitch_BF,pitch_ERAplus,pitch_FIP,pitch_WHIP,pitch_H9,pitch_HR9,pitch_BB9,pitch_SO9,pitch_SOW,pitch_LOB
year,1.0,0.26895179862674046,-0.25606042088101333,-0.5239648956866578,0.3661621685847989,-0.028214541766865896,0.19249109838176992,-0.4367857050962968,-0.2600080011763275,0.0007774328520058022,-0.009054498436343074,-0.20185631923442357,-0.41820135272289116,-0.19502915017008093,-0.4396248628699435,-0.38523759462471996,0.5989609635848525,-0.459760149340474,-0.5477641807402315,-0.4154683896833139,-0.4936140682568912,-0.06286203706564365,-0.2661921507134691,-0.0630208594010077,0.2013212652503422,-0.22459037484861105,-0.3058896457665939,-0.2789299490617502,-0.16157642810898268,0.4578199718741193,-0.17904376491851853,-0.4866285345866919,0.03464163012729028,0.2170504037100284,-0.11691969936149332,-0.431605460867098,0.3661621685847989,0.3661621685847989,0.5301755476692592,-0.444050321661698,0.3360842799971112,-0.2793402688570826,0.07985762288134773,0.3633823671928085,-0.27721056826047846,-0.4062302472503159,-0.35888999609492345,-0.08063874222278203,-0.3928990651954349,-0.2436780933468351,0.5637929147376564,0.21705315462353045,-0.21499826376555942,0.17048699368045486,-0.02374209755040137,0.019232787603500306,-0.45486393692151966,-0.5515584833857101,-0.42689200406721295,-0.12676229484616267,-0.4557686721034428,0.517953216232539,0.6006404246472216,-0.24136558720717996
hit_numBat,0.26895179862674046,1.0,-0.09631735204237697,-0.08261014265473021,-0.040160917912529244,-0.06327514521133298,-0.031229662953340755,-0.09250184017936601,-0.09661106946088925,0.03482102906477773,-0.047740002230279334,-0.005707165690582924,-0.08927146683037673,-0.07037541039201399,-0.11345841656284864,-0.04115685629811557,0.24782854851914457,-0.10903080282278199,-0.08581120782068342,-0.05389253701662181,-0.06804951569263948,0.07240187606978063,-0.0554886513623086,-0.029494258654506274,0.09702716663381801,-0.1725068185280771,-0.1634264701263107,-0.16520086809658086,-0.04437540995008273,0.7629751562459877,0.09190600039648962,0.11880595390325059,-0.2615300498682943,0.24255925888256102,-0.26544919894498,0.11328653522103453,-0.040160917912529244,-0.040160917912529244,0.142827025820001,-0.234584928601586,-0.008768194159519228,-0.21485518388029995,-0.12896562363060626,-0.048477978589496144,-0.0034917451973402987,0.11039938906288553,0.1060522256754709,0.010261469009644045,-0.027797759966316053,0.0013095603067210591,0.16307063664013693,0.2263176131124507,-0.016241166783181455,0.140609479803123,-0.006345349990787897,-0.27837085488593466,-0.037105038393413226,0.00337501111690911,0.021054832890233875,0.013288190460543107,-0.010718086624541873,0.1858626096844802,0.11647499249227454,-0.07121348292494352
hit_BatAge,-0.25606042088101333,-0.09631735204237697,1.0,0.32202162600627016,0.10030858029445652,0.3131516266587977,0.17750347536844016,0.3436382222626468,0.291642825758008,0.11460771069263964,-0.18002496443280253,0.2503836326409369,0.3526832968855807,-0.014038609108591026,-0.041655048951026494,0.3520790699078056,-0.3347321148189059,0.27682135140464614,0.3753878088910854,0.28767368777579727,0.34133942000638734,0.22499900489564525,0.31336042990968277,0.19570919641095708,0.02436642018874495,0.05336828792415226,0.19842199384898837,0.24777011759664658,0.38790676916338107,-0.07146839100005789,0.5684352815347282,0.22700993470097647,0.1549272666619005,-0.09670608255625958,0.12388102474643434,0.23947912159370013,0.10030858029445652,0.10030858029445652,-0.0127137730823503,0.10099828166703285,-0.08910084217707809,0.01633755331904808,0.001463165302002231,0.06274053173003329,0.1936683153765519,0.2503649414611734,0.25980045786901873,0.19551679736487976,0.18192356589806746,0.04758536438854672,-0.06446837388356023,0.1831167427015616,0.01906551227879357,-0.12337865448660226,0.21802659374962852,-0.1442841292636511,0.18403898577754602,0.20836739703728993,0.16699002917856218,0.1909669221476838,0.1697133088671894,-0.08592454320914479,-0.1606462327384656,0.19668859334014052
hit_RG,-0.5239648956866578,-0.08261014265473021,0.32202162600627016,1.0,-0.09875952479571765,0.4542736112286743,0.22717519340366027,0.971581464691346,0.7125623663445381,0.47732628729141224,-0.0665278266211386,0.6098994897944745,0.9665764175156027,0.18980774213140894,0.13935750951722223,0.6262925473303631,-0.40461841379377994,0.797329113425224,0.899912842727338,0.8958277075141154,0.9520973682110198,0.6510191332699782,0.8390624711218599,0.24598913047834592,0.02520827283383595,-0.23808675366677035,0.51273185470511,0.022931328783857986,0.39686443528975673,-0.05470783920063271,0.39358174704822774,0.7066979771746317,0.24241691042027266,-0.3144184403433509,0.2986330245932193,0.687577929447053,-0.09875952479571765,-0.09875952479571765,-0.14474757413452907,0.12223547781905623,-0.4686645576493804,-0.056591368085076636,-0.20390537526499572,-0.16188641004461463,0.487948023961114,0.6879919400595117,0.6702774157914142,0.4414687744301376,0.3827897903987583,-0.07235152367175922,-0.4366941097087217,0.19706909057889843,-0.1060005711860118,-0.04063636669640094,0.2762850826650971,-0.1948239973613026,0.6222289785045546,0.6171559237744227,0.5513775580886021,0.4359688061728711,0.4103363559908227,-0.4279445217986708,-0.509013273182339,0.22881589003258737
hit_G,0.3661621685847989,-0.040160917912529244,0.10030858029445652,-0.09875952479571765,1.0,0.7798234656019484,0.863048571001355,0.1385490659909136,0.3284829883044068,0.28514043745146467,-0.006606852767740563,0.09342374837027569,0.14230743677907812,-0.09256006571001216,-0.1525636627861887,0.10477076767786726,0.29878485959239054,-0.10483173918494715,-0.10779571856775352,-0.08713306377726125,-0.1000207437318197,-0.009035534193336421,0.28703953334654997,0.16869074680305327,0.20531621980064482,-0.01897042081394792,0.11920941194629073,0.039066745289364276,0.4264354652953595,0.019772226061431347,0.10927467939345704,-0.13817758228675006,0.3570818235123951,0.3131990496640515,-0.03437505904051795,-0.11199865991334737,1.0,1.0,0.716449726346966,-0.18165781965544486,0.14949460944319093,-0.07671941141165348,0.2128178671698517,0.9475353925743122,0.2993454834514859,0.09362032193207406,0.11196405616926897,0.1943376471251611,0.03671224954189122,0.07119469636925886,0.32239007261447294,0.23126717848115558,-0.14519987731852205,-0.0612776783941426,0.781718296860454,0.0028204653968545088,-0.08797397472190535,-0.1606560507327759,-0.09998840893918244,0.05335652692171038,-0.16705511965978428,0.12167292933557233,0.17934553661713076,0.36607836490134504
hit_PA,-0.028214541766865896,-0.06327514521133298,0.3131516266587977,0.4542736112286743,0.7798234656019484,1.0,0.8922993792915501,0.6373142117463535,0.6901187916006469,0.5201529358729388,0.002996647535404433,0.3253767966768339,0.6355693231145806,0.029940658071728233,-0.05217310394242755,0.5594235495490456,0.03840014457691083,0.3530495306281528,0.4724901405537771,0.35711879900303617,0.42610122463910083,0.34731170367911723,0.6691571833625632,0.2900954890655893,0.19890989056511496,-0.10291058367899707,0.3901900876130764,0.15487011990955654,0.7856850883982903,-0.03821807235133588,0.3407380881859574,0.24851351842470285,0.41583056846277294,0.10288092858457575,0.11949696879040374,0.25183131968492484,0.7798234656019484,0.7798234656019484,0.5097055482954244,-0.07259446700358531,-0.12729447692476017,-0.08984858626424223,0.04807506204832041,0.7534443317982197,0.5052348867748799,0.43136801568289546,0.4394486470421405,0.32448929161750395,0.2780523185546112,0.11601131257661162,0.06014246224259558,0.2969969600554228,-0.17315881728003563,-0.10391210010059852,0.8475103243532518,-0.091871422499453,0.22466135560323353,0.19393286834911755,0.18484450069245742,0.19373884527424096,0.11409177366207933,-0.11363582716109877,-0.13473131907678446,0.493034694870945
hit_AB,0.19249109838176992,-0.031229662953340755,0.17750347536844016,0.22717519340366027,0.863048571001355,0.8922993792915501,1.0,0.4307516366420256,0.6852158143082282,0.48147519211140555,-0.0019145246511362232,0.1958142215465521,0.431008713309416,-0.025910613015427214,-0.13258342142602136,0.14918738971818438,0.09036540364877733,0.2806850679141524,0.17355305902862356,0.19813162025633882,0.2007025355140109,0.23620258322757115,0.5805302868023641,0.2657910863031928,0.11707710059468673,-0.19091160606679308,0.24739585200002467,0.04009469292168846,0.5478034282069836,-0.003634985257497508,0.2235106770106791,0.09759979447108055,0.3849591210829108,0.1927711870843075,0.05119213031609447,0.10292012343656029,0.863048571001355,0.863048571001355,0.6306779121271592,-0.1741833259272343,-0.031817279788566674,-0.14496081521036477,0.14659756875780125,0.8594366305456583,0.4532515908387497,0.2984505749940836,0.3107066435012161,0.2763429666781461,0.09906322104442308,0.03155146338640418,0.17660980328936415,0.2876732966208124,-0.1761152387143751,-0.0316012556176199,0.8306894010201533,-0.04501825293403926,0.0685964055843849,0.02159244115484381,0.08988179734432349,0.14258719186183605,-0.08463804919027523,-0.014977633396756406,0.04465696171349098,0.41289999596030447
hit_R_scored,-0.4367857050962968,-0.09250184017936601,0.3436382222626468,0.971581464691346,0.1385490659909136,0.6373142117463535,0.4307516366420256,1.0,0.7871558444308633,0.539435227659888,-0.06693036483600938,0.629127542331616,0.9958408130617418,0.1667527829611341,0.1024257006580251,0.6491531704648862,-0.3322624018546752,0.7683398171877858,0.8700411645875686,0.8698308224039227,0.9231531929031805,0.6453677104163994,0.9026887651618634,0.2834379030352052,0.07154950667525177,-0.24146879095580953,0.5395389437079579,0.03215550699388451,0.4972711791798307,-0.05185620568807995,0.41703641961083104,0.6705483793402072,0.3254689186538512,-0.23841357404161984,0.2884966446324672,0.6574812944111782,0.1385490659909136,0.1385490659909136,0.022350443197377882,0.08324476062161763,-0.4317049188813376,-0.07029581753577627,-0.15517445642706562,0.06321077299805258,0.5559735295840457,0.7071393806770202,0.6936074825857629,0.4850990479575398,0.38958376164266484,-0.05254327530153852,-0.3580544960297829,0.24987521921241235,-0.1396650823762065,-0.056382554614672384,0.4599425424992275,-0.19445975083293401,0.5977992276297007,0.5754255101574577,0.5241518092116962,0.44602529218844444,0.36852690118415277,-0.3965465603515391,-0.46394064130299717,0.3137507657346692
hit_H,-0.2600080011763275,-0.09661106946088925,0.291642825758008,0.7125623663445381,0.3284829883044068,0.6901187916006469,0.6852158143082282,0.7871558444308633,1.0,0.5931228865850385,0.017723330511684093,0.26559114898945785,0.7766935389018389,0.1236211274545439,0.0903805053751591,0.2919222088543487,-0.4148978080835252,0.8908774873495111,0.7159334164705748,0.6412943658783278,0.7099851151137657,0.540500765671493,0.81777591588336,0.4554072903080357,-0.07848259336433215,-0.19004161271291287,0.5169045561139548,0.08342836758184527,0.5451744828922378,-0.08565400263936088,0.3317469860433345,0.4951995602707482,0.2910405513989271,-0.07297702393517087,0.17182560418641135,0.4930561352723855,0.3284829883044068,0.3284829883044068,0.21486826806342957,-0.03081324217932854,-0.3179937275061257,-0.12092748710151892,-0.0497865239920093,0.2723036309364931,0.5616051744196164,0.573906816571644,0.5726217481078493,0.3272535438167442,0.25267710933157206,-0.08213212793737962,-0.2271526214426736,0.21526688118524087,-0.17003131137739855,0.015400484568795593,0.5481669850954477,-0.1441491425073316,0.384254354814543,0.4232447380177975,0.44291484752568544,0.2707083184027035,0.1892897070189245,-0.3067217783291235,-0.3049438286366715,0.34728864238520796
hit_2B,0.0007774328520058022,0.03482102906477773,0.11460771069263964,0.47732628729141224,0.28514043745146467,0.5201529358729388,0.48147519211140555,0.539435227659888,0.5931228865850385,1.0,0.02682465981684794,0.160934268120925,0.5390969135703657,0.03830876962287977,-0.08203856992603645,0.28660846189766537,-0.11973337189102284,0.4833944218807016,0.46233654998700446,0.4855970332093203,0.5053197569844361,0.43256787283435816,0.6035752761556462,0.23448620482586455,0.14022116795436412,-0.2887080108929331,0.4136360740780168,0.0755321792014931,0.4230135065677818,0.055741433757865146,0.22493411831337076,0.25913090400118133,0.21412730320654752,-0.02546636059270498,0.11086427662764924,0.2670743493704697,0.28514043745146467,0.28514043745146467,0.20414449838315918,-0.05159460513136035,-0.14190602898780413,-0.1485649500075579,-0.15064717843625564,0.2340134029726384,0.32393288767947426,0.3250350167168621,0.3303504439638607,0.2053577236166598,0.10833321324390313,-0.1797777378170261,-0.08335439910229181,0.29163289411054766,-0.3269033677768032,-0.02679678577985403,0.37426513872416606,-0.02677807560322364,0.2022334813403409,0.1939635216747064,0.22275172779180902,0.15832293364176897,0.06005527342378713,-0.1432972315204692,-0.13792818240503077,0.23128143758975803
hit_3B,-0.009054498436343074,-0.047740002230279334,-0.18002496443280253,-0.0665278266211386,-0.006606852767740563,0.002996647535404433,-0.0019145246511362232,-0.06693036483600938,0.017723330511684093,0.02682465981684794,1.0,-0.3325955219336946,-0.07355288309466716,0.217568291403907,0.14971853312584338,-0.06867643734978696,-0.039658449206552766,0.022675134050143084,-0.029054264477523926,-0.09593610197143064,-0.0744694884110352,-0.16233912264199438,-0.08100599397815686,-0.28995210441506897,-0.06143136358246992,0.2692429156093684,0.1448007051483515,0.17726398250657768,0.06581899515364263,-0.012366748774994168,-0.07480555639490057,0.017518813212798315,-0.15313125559393517,0.1534859574316323,-0.16395793438808118,0.028245344661378936,-0.006606852767740563,-0.006606852767740563,-0.02678521441354793,0.03228337419177342,-0.013612752181165142,0.0191230242269944,-0.09847806415957083,-0.004607328863043418,0.03354208106902192,0.013216707276347939,0.026795759243679305,-0.0058921788874048125,0.059921205383207186,0.041031343350029344,-0.09604264776035865,-0.10967720282680042,0.15114884826848465,-0.04044602580134872,0.015155977930506269,-0.06935809200538853,0.0639584724368314,0.05701629302789858,0.026509475092263233,0.012313792229358484,0.05200728832774674,-0.09907081528535679,-0.10800517174752317,0.03748288937573381
hit_HR,-0.20185631923442357,-0.005707165690582924,0.2503836326409369,0.6098994897944745,0.09342374837027569,0.3253767966768339,0.1958142215465521,0.629127542331616,0.26559114898945785,0.160934268120925,-0.3325955219336946,1.0,0.6530430096575851,-0.08506382725399264,-0.11445145325463832,0.40858577099495924,0.055531027600218615,0.22961335712946374,0.3870055194777801,0.7986486059539687,0.6827774093305926,0.45803565850674455,0.7455835344706757,0.05065783959465034,0.16208105319231034,-0.22514196768708558,0.07184131423588688,-0.12087452469317081,0.09593076367012678,0.08411392260488934,0.32212115298447824,0.45821579112693583,0.23247947690959814,-0.17665242418493185,0.21123511540284107,0.43562149114469717,0.09342374837027569,0.09342374837027569,0.061997516130404065,-0.010013716243701282,-0.3073097241452502,-0.1098989631444875,-0.07615201940039545,0.04168616976839692,0.33042601416520134,0.48421987558654395,0.4615627086595497,0.49150828528176377,0.24095841749174418,0.002483658592519944,-0.1473569903880158,0.20133565092497538,-0.10282834901151207,-0.06553309048890572,0.2876492605394287,-0.0886199100507294,0.4272037103843482,0.3442930962273882,0.3104089959286494,0.4489775814506001,0.22011936842009056,-0.17034323708372698,-0.23444869016284195,0.13583541411557712
hit_RBI,-0.41820135272289116,-0.08927146683037673,0.3526832968855807,0.9665764175156027,0.14230743677907812,0.6355693231145806,0.431008713309416,0.9958408130617418,0.7766935389018389,0.5390969135703657,-0.07355288309466716,0.6530430096575851,1.0,0.13954681189254828,0.07083177779616706,0.6475895147128575,-0.32254323512573146,0.7546454440368564,0.8604595845651133,0.8791645624181686,0.9254197127280689,0.6557087483704666,0.9106746134298397,0.2781810482714988,0.0844612836155951,-0.2584503493168611,0.531876802452473,0.02858239372824453,0.49395726977760146,-0.03562120058333162,0.43150941317571867,0.6694519129676013,0.3295983663487566,-0.24031608320983924,0.29154688603665246,0.6567239025487546,0.14230743677907812,0.14230743677907812,0.030229539413147013,0.07525147723958713,-0.42950619104309,-0.08134919159259607,-0.14992681893847284,0.0658053058505873,0.5577009191573018,0.7068520533788913,0.6935436333356096,0.4822545922474278,0.3868650486083427,-0.0528138841948598,-0.353297586393309,0.25364549116051666,-0.14527845566621414,-0.06325207759750069,0.46155717828010134,-0.19621469789071408,0.5912772642607454,0.5742924352464428,0.5241650508185924,0.44168661474398124,0.3648602392287931,-0.39175836369439465,-0.4586818825804435,0.3137523309400023
hit_SB,-0.19502915017008093,-0.07037541039201399,-0.014038609108591026,0.18980774213140894,-0.09256006571001216,0.029940658071728233,-0.025910613015427214,0.1667527829611341,0.1236211274545439,0.03830876962287977,0.217568291403907,-0.08506382725399264,0.13954681189254828,1.0,0.6452175322404002,0.0657956269299537,-0.14357842847171368,0.1781520908994382,0.1672249816079994,0.070479918664039,0.11450753218223547,0.02810401698740937,0.04627567790981101,-0.2456325815219744,0.010362727020365736,0.11920299803538628,0.16656764603035845,0.04682845805807139,-0.014669143379208223,-0.11979366194316865,0.06830019901006534,0.09142161119599958,0.08943664026548828,-0.150016579944276,0.13146545614744354,0.0808380043599746,-0.09256006571001216,-0.09256006571001216,-0.11928196522445456,0.09147475202920982,-0.13066708558771872,0.12189910552604054,0.004148626330851121,-0.046996799665823,0.05292806169909738,0.07004581167381213,0.07307142975937397,0.0967205772316095,0.07843483316006443,-0.04474163479676724,-0.11609278083296758,-0.10856627723847459,0.11190507317962388,0.02149970037649913,0.008290400663099624,-0.01163444426073316,0.15235401054293363,0.09708524045369127,0.07560821309274958,0.12559153650807664,0.07691850766110667,-0.11194856843557267,-0.14061527441039923,0.024390910879087166
hit_CS,-0.4396248628699435,-0.11345841656284864,-0.041655048951026494,0.13935750951722223,-0.1525636627861887,-0.05217310394242755,-0.13258342142602136,0.1024257006580251,0.0903805053751591,-0.08203856992603645,0.14971853312584338,-0.11445145325463832,0.07083177779616706,0.6452175322404002,1.0,0.06759612806924235,-0.23032708479234393,0.19856010719509046,0.18741505356895535,0.047187429661113965,0.10736410951520838,-0.06771914603771888,-0.01832823071870975,-0.1446605612287755,-0.08059383469456212,0.23480062700521653,0.1632127478854364,0.029232743503893394,-0.09795843905999777,-0.20775413807226345,-0.07628537616997125,0.15136343555552734,-0.02120377707328223,-0.07838327590922074,0.03960088868796245,0.1333650728251519,-0.1525636627861887,-0.1525636627861887,-0.21943556440498285,0.18295086622018855,-0.19366105972672543,0.1602937115240804,0.021018632010163053,-0.10891143881183123,0.06849431503345833,0.11680445705789591,0.11110329501600251,0.011281607545978138,0.14576385260254496,-0.021369408280181662,-0.16787473326070362,-0.25399847112541035,0.14869298428492408,0.15192021485401222,-0.010157301880952924,-0.00871552211460587,0.12956895759074644,0.1691068176142432,0.11800112344236599,0.03761326069763431,0.15998533341629864,-0.15828970343956258,-0.2145919681783595,0.026963918594537305
hit_BB,-0.38523759462471996,-0.04115685629811557,0.3520790699078056,0.6262925473303631,0.10477076767786726,0.5594235495490456,0.14918738971818438,0.6491531704648862,0.2919222088543487,0.28660846189766537,-0.06867643734978696,0.40858577099495924,0.6475895147128575,0.0657956269299537,0.06759612806924235,1.0,-0.0745659260470023,0.28913221036086256,0.7486447629900298,0.4649925988639142,0.6084199126101816,0.4097232266750356,0.4517115090083233,0.22093445253490016,0.0803658100658088,-0.10616085394278572,0.3770869149487803,0.16010764066423125,0.7195820472511446,-0.06018097329085201,0.3579927897446865,0.41254778235015704,0.20069023531582988,-0.13781128554348637,0.17249718212808082,0.4122184443976751,0.10477076767786726,0.10477076767786726,-0.045314537953770925,0.15064659910216444,-0.24549013242197643,0.026650212973447204,-0.16750946652088736,0.04892980312782105,0.3061247467508846,0.4412084922132857,0.4377558197984646,0.22498517121402825,0.39689987379515806,0.1541452503542878,-0.17761271702489018,0.12070642431391465,-0.08135542908621558,-0.15125447198053307,0.32822610576172595,-0.14130366521121532,0.36909926049108216,0.4024392578010235,0.2816528964703953,0.18236975806345918,0.38195254239303383,-0.19977810229158216,-0.34375295481033796,0.30006679526270963
hit_SO,0.5989609635848525,0.24782854851914457,-0.3347321148189059,-0.40461841379377994,0.29878485959239054,0.03840014457691083,0.09036540364877733,-0.3322624018546752,-0.4148978080835252,-0.11973337189102284,-0.039658449206552766,0.055531027600218615,-0.32254323512573146,-0.14357842847171368,-0.23032708479234393,-0.0745659260470023,1.0,-0.603467804674487,-0.4687082904265736,-0.3107030712359918,-0.3918537340408835,-0.10359763570869704,-0.21986768878156354,-0.31766785997109603,0.23255553344790444,-0.060849831929974126,-0.3218399999505468,-0.26379846188120354,-0.07285749910363314,0.36166956391653243,-0.17460612708946976,-0.37258112689290357,0.026504097523740854,0.1784685944344557,-0.09866948344317125,-0.36616627891065556,0.29878485959239054,0.29878485959239054,0.35199959930293656,-0.2487042799319027,0.25250075261463306,-0.08740634927464669,0.05437621258478991,0.3453849201869753,-0.26905369027952647,-0.3064824074491736,-0.2957791715316303,-0.061625628706249214,-0.1706446756003812,-0.009536464229044165,0.5566863302030677,0.0927540677023896,-0.01243374659845435,0.11890200546126212,0.047679318496777263,0.02977312032675514,-0.3496165528834805,-0.4248804424591016,-0.40661545068408556,-0.10467071292000595,-0.24153833681653913,0.5095768609445546,0.4648238552325864,-0.12483410460027293
hit_BA,-0.459760149340474,-0.10903080282278199,0.27682135140464614,0.797329113425224,-0.10483173918494715,0.3530495306281528,0.2806850679141524,0.7683398171877858,0.8908774873495111,0.4833944218807016,0.022675134050143084,0.22961335712946374,0.7546454440368564,0.1781520908994382,0.19856010719509046,0.28913221036086256,-0.603467804674487,1.0,0.8342608054999112,0.7232384039269258,0.811172985814119,0.566321416350297,0.7170609636747451,0.43739782867154486,-0.1742395553343685,-0.13229690143665157,0.5260699286920918,0.08585202096209826,0.37544564808877623,-0.10981703811779178,0.2997805888282312,0.589808450825381,0.14503058377768308,-0.21769335378354343,0.19602438204088515,0.583637495348759,-0.10483173918494715,-0.10483173918494715,-0.10862687254139891,0.06629215241455301,-0.3975194767101676,-0.06877562081291388,-0.1569290860345269,-0.1756222522176733,0.4575371650854851,0.5679741556915004,0.5587527948346206,0.2585586370900375,0.26903113743515356,-0.1292924221400379,-0.41007213526431047,0.10389079961970478,-0.11592696910928922,0.03957113487805128,0.2040566744051797,-0.15919688313541527,0.46304589030914645,0.54306358744962,0.5277454227864261,0.26812012104948046,0.3001251407051461,-0.3962644153927925,-0.42894996767306975,0.19934469990954454
hit_OBP,-0.5477641807402315,-0.08581120782068342,0.3753878088910854,0.899912842727338,-0.10779571856775352,0.4724901405537771,0.17355305902862356,0.8700411645875686,0.7159334164705748,0.46233654998700446,-0.029054264477523926,0.3870055194777801,0.8604595845651133,0.1672249816079994,0.18741505356895535,0.7486447629900298,-0.4687082904265736,0.8342608054999112,1.0,0.7625769273983393,0.9044301305564064,0.618572830207362,0.7070846946810646,0.3938325140083634,0.009879698976421469,-0.1337430629738785,0.5249548894811833,0.14785295846038343,0.6165937860298044,-0.09070386150160346,0.4002494083141571,0.6343241082939963,0.18679335738369396,-0.2651500495903315,0.2436294667177438,0.6301912941418499,-0.10779571856775352,-0.10779571856775352,-0.16134451716125678,0.13814587222689023,-0.4116548731951049,-0.023435726158683872,-0.22503321569579532,-0.1896476264556428,0.4411556094468299,0.6130070601890524,0.6041356605942241,0.291577203031104,0.3913157911070258,-0.03210376801173545,-0.40826412552590774,0.14526970731148334,-0.12666045706508572,-0.04858638832673184,0.23434488793259362,-0.1814118837271143,0.5298183377576877,0.5985025807143204,0.5162450751580349,0.2878330912099663,0.42511936817407264,-0.3900266535105593,-0.494631590740576,0.25672836863904575
hit_SLG,-0.4154683896833139,-0.05389253701662181,0.28767368777579727,0.8958277075141154,-0.08713306377726125,0.35711879900303617,0.19813162025633882,0.8698308224039227,0.6412943658783278,0.4855970332093203,-0.09593610197143064,0.7986486059539687,0.8791645624181686,0.070479918664039,0.047187429661113965,0.4649925988639142,-0.3107030712359918,0.7232384039269258,0.7625769273983393,1.0,0.9655390173581835,0.6444306310866704,0.9126689287093661,0.21853498566545176,0.029237771721596948,-0.2195848793335702,0.3752536650832896,-0.013598895710925,0.2510529500709073,0.014728470190188692,0.3801846861017973,0.6686248585851841,0.19727337021641425,-0.26143112126601814,0.24707080406992127,0.6512102502681385,-0.08713306377726125,-0.08713306377726125,-0.08375331176452286,0.04588982383481331,-0.4502941184225993,-0.12065976823186836,-0.20143572812965335,-0.16970443120397458,0.4590598368119171,0.6520612643874886,0.6317292524067766,0.47891808104901995,0.3222308248531418,-0.10406600586430004,-0.37629180553205754,0.19028498750061001,-0.14909429424354745,-0.028880029850608457,0.2376226319029049,-0.14762860744922,0.5818145746815635,0.5682149611106216,0.5254644315788835,0.46944716147499566,0.34597892556191756,-0.3636325584092454,-0.4371672768874252,0.17594946987943685
hit_OPS,-0.4936140682568912,-0.06804951569263948,0.34133942000638734,0.9520973682110198,-0.1000207437318197,0.42610122463910083,0.2007025355140109,0.9231531929031805,0.7099851151137657,0.5053197569844361,-0.0744694884110352,0.6827774093305926,0.9254197127280689,0.11450753218223547,0.10736410951520838,0.6084199126101816,-0.3918537340408835,0.811172985814119,0.9044301305564064,0.9655390173581835,1.0,0.6730408531547807,0.8859483585620574,0.3017733891414629,0.0241678457182941,-0.19809317689227027,0.4576941369183989,0.051412782008367554,0.4142021516986678,-0.025554969635216356,0.41276775892519757,0.696168097989679,0.20520103442965615,-0.2785795599888079,0.26058401654160257,0.6831434388227176,-0.1000207437318197,-0.1000207437318197,-0.11997289415690897,0.0862695794345127,-0.46328193913117816,-0.08815774463761972,-0.22239630907270397,-0.18729250415685,0.48111016824784525,0.6768868833872396,0.6600413265853672,0.4337964865501392,0.3703605158438941,-0.08109153313045175,-0.41270491387906566,0.18503071571231552,-0.14914325432449063,-0.039824802773071155,0.25221596099924964,-0.17106412072219213,0.5975584673062849,0.6159744157200567,0.5547778545781077,0.42602561880573975,0.3993650798576906,-0.3971804234317774,-0.487979023537642,0.22086880011760984
hit_OPS+,-0.06286203706564365,0.07240187606978063,0.22499900489564525,0.6510191332699782,-0.009035534193336421,0.34731170367911723,0.23620258322757115,0.6453677104163994,0.540500765671493,0.43256787283435816,-0.16233912264199438,0.45803565850674455,0.6557087483704666,0.02810401698740937,-0.06771914603771888,0.4097232266750356,-0.10359763570869704,0.566321416350297,0.618572830207362,0.6444306310866704,0.6730408531547807,1.0,0.6342709200298706,0.25723044308979554,0.0907336146611959,-0.40073252654793995,0.32203913218694347,-0.09134700976062723,0.32998025438200196,0.11777163580005284,0.3277872313720753,0.3027414776530623,0.31466157361465197,-0.32598437340326736,0.33996322629956577,0.3013263183546564,-0.009035534193336421,-0.009035534193336421,-0.0014894526295165336,-0.005383933706431623,-0.13222210586188854,-0.054182360188178534,-0.13361774568030943,-0.04758047181514899,0.20354460697664378,0.3037639371849952,0.3009825372629602,0.12370230464967827,0.06513971939560835,-0.2268085119606008,-0.14285281135573427,0.17333655279065685,-0.24625431164457925,0.19424243690739143,0.10461505484099777,-0.3448405622971491,0.1561050344559083,0.19974065222578327,0.2151599083208728,0.08743014006189076,0.0853719681707777,-0.1401805608797707,-0.12144359180709491,0.0017999943948596225
hit_TB,-0.2661921507134691,-0.0554886513623086,0.31336042990968277,0.8390624711218599,0.28703953334654997,0.6691571833625632,0.5805302868023641,0.9026887651618634,0.81777591588336,0.6035752761556462,-0.08100599397815686,0.7455835344706757,0.9106746134298397,0.04627567790981101,-0.01832823071870975,0.4517115090083233,-0.21986768878156354,0.7170609636747451,0.7070846946810646,0.9126689287093661,0.8859483585620574,0.6342709200298706,1.0,0.291847045344623,0.07342453254835046,-0.2635319495687099,0.41637866647486865,0.004769978129081901,0.4398041538504049,0.012460203603418022,0.40961222544619785,0.5978682899996481,0.32264374432713955,-0.13545542465505733,0.22478242293837378,0.5855340799730365,0.28703953334654997,0.28703953334654997,0.18903201101873174,-0.02871981960272109,-0.38776016205082986,-0.15739949556802427,-0.11067382065809243,0.21593895254799708,0.5700654481369446,0.6681231145928885,0.6560604584172538,0.5137052144045043,0.3105858075000191,-0.07112032275742054,-0.23920737920255106,0.28042683140695984,-0.19766111473636297,-0.04030705864819738,0.5436945616587618,-0.14510280322390995,0.5129186828606234,0.481882225276139,0.47400817144938273,0.4504313741869283,0.25370957510172315,-0.30782932008685526,-0.3457218073678978,0.3182452902998892
hit_GDP,-0.0630208594010077,-0.029494258654506274,0.19570919641095708,0.24598913047834592,0.16869074680305327,0.2900954890655893,0.2657910863031928,0.2834379030352052,0.4554072903080357,0.23448620482586455,-0.28995210441506897,0.05065783959465034,0.2781810482714988,-0.2456325815219744,-0.1446605612287755,0.22093445253490016,-0.31766785997109603,0.43739782867154486,0.3938325140083634,0.21853498566545176,0.3017733891414629,0.25723044308979554,0.291847045344623,1.0,-0.1386490383786356,-0.18869355765374277,0.181902605445453,-0.009733807877829131,0.2380944164281585,0.017726575427996036,0.08528377584663951,0.23706990194740196,0.030859701039217834,0.08062323665764586,-0.034802435305131586,0.24151652447304975,0.16869074680305327,0.16869074680305327,0.19223088591053517,-0.13124755107970734,-0.15644720306919804,-0.16428376166312225,-0.029119750128757702,0.12911354025963226,0.3566807318795669,0.27739510060294953,0.2783040031414382,0.03871142604376139,0.06401906656759705,0.05538536679507831,-0.07095242446823297,0.016223600679029126,-0.1938885160992339,0.05961682704035014,0.2774855666807415,-0.0662457578176798,0.08154126239926077,0.23858497566742243,0.31120686775664463,0.0031688822489069233,0.0412641621164046,-0.105118499457895,-0.07272777587890186,0.21039507258999385
hit_HBP,0.2013212652503422,0.09702716663381801,0.02436642018874495,0.02520827283383595,0.20531621980064482,0.19890989056511496,0.11707710059468673,0.07154950667525177,-0.07848259336433215,0.14022116795436412,-0.06143136358246992,0.16208105319231034,0.0844612836155951,0.010362727020365736,-0.08059383469456212,0.0803658100658088,0.23255553344790444,-0.1742395553343685,0.009879698976421469,0.029237771721596948,0.0241678457182941,0.0907336146611959,0.07342453254835046,-0.1386490383786356,1.0,-0.0516906533867385,-0.11068363551696564,0.008465985805339768,0.16054111769678275,0.18793593398487562,0.1305947654401514,-0.09891533640717773,0.21848858993852416,-0.08757550469456891,0.14859796468406022,-0.08700416630255632,0.20531621980064482,0.20531621980064482,0.1949543634835215,-0.10475253009645731,0.09257508905261602,-0.03792115252525667,0.0421891417601272,0.20337796417012485,-0.03679115685753851,-0.05459008135049067,-0.04230080835403507,0.11747878013492571,-0.07319391153730226,-0.17348287975988244,0.07520456151515306,0.3474915057422795,-0.18421598244410628,0.011235196467393758,0.10349138724724118,0.06772604944636182,-0.004715687675905057,-0.1474337701868559,-0.12378230177992647,0.0827561826064687,-0.11562528632587439,0.03391692035902521,0.08780592090038918,-0.017051957442211375
hit_SH,-0.22459037484861105,-0.1725068185280771,0.05336828792415226,-0.23808675366677035,-0.01897042081394792,-0.10291058367899707,-0.19091160606679308,-0.24146879095580953,-0.19004161271291287,-0.2887080108929331,0.2692429156093684,-0.22514196768708558,-0.2584503493168611,0.11920299803538628,0.23480062700521653,-0.10616085394278572,-0.060849831929974126,-0.13229690143665157,-0.1337430629738785,-0.2195848793335702,-0.19809317689227027,-0.40073252654793995,-0.2635319495687099,-0.18869355765374277,-0.0516906533867385,1.0,-0.1613887213606819,0.46496080403793955,-0.024431398486869572,-0.16959224650197863,-0.11361318931197269,-0.16060651347143798,-0.12322692309286466,0.11507485551687648,-0.12649539547555957,-0.18314524152005907,-0.01897042081394792,-0.01897042081394792,-0.0630214847766172,0.07312073197341355,0.07326417986820058,0.19938257106123258,-0.0375317286946187,0.009542402947287374,-0.1240533463399159,-0.168261941388049,-0.18709890483375563,-0.1845530275545472,0.18304115886607183,0.3848981270630966,-0.04503506111201419,-0.18748632053809816,0.21135055993965082,-0.13520106023112294,-0.018240456541356444,0.06058949371388952,-0.0493315819799596,-0.0006563453359716754,-0.12628072917083452,-0.16993555191804166,0.17313135738823043,-0.05201821781145696,-0.15510598097970296,0.1508986534899749
hit_SF,-0.3058896457665939,-0.1634264701263107,0.19842199384898837,0.51273185470511,0.11920941194629073,0.3901900876130764,0.24739585200002467,0.5395389437079579,0.5169045561139548,0.4136360740780168,0.1448007051483515,0.07184131423588688,0.531876802452473,0.16656764603035845,0.1632127478854364,0.3770869149487803,-0.3218399999505468,0.5260699286920918,0.5249548894811833,0.3752536650832896,0.4576941369183989,0.32203913218694347,0.41637866647486865,0.181902605445453,-0.11068363551696564,-0.1613887213606819,1.0,0.02502476080748872,0.35267023338649045,-0.11069154975154105,0.14820607559867305,0.38755048437569756,0.1592250677554112,-0.08405863953024861,0.12180874834062584,0.39994652868330804,0.11920941194629073,0.11920941194629073,-0.02944288015763922,0.14023294890260005,-0.25766709694679607,-0.01742205056955393,-0.04096136443334999,0.05888635265346105,0.34823698900153394,0.419346592970899,0.4286061260148844,0.23248186837437163,0.26681622322097825,-0.0751739749138332,-0.2487701258641274,0.033018912741774126,-0.050107244393832163,-0.009521809204039318,0.28442133119156787,-0.1519168455460076,0.3552999059279343,0.3611915336814022,0.31635126203004466,0.2151444828622958,0.2495057793054027,-0.27885816930350366,-0.3227088668116693,0.1793157683431725
hit_IBB,-0.2789299490617502,-0.16520086809658086,0.24777011759664658,0.022931328783857986,0.039066745289364276,0.15487011990955654,0.04009469292168846,0.03215550699388451,0.08342836758184527,0.0755321792014931,0.17726398250657768,-0.12087452469317081,0.02858239372824453,0.04682845805807139,0.029232743503893394,0.16010764066423125,-0.26379846188120354,0.08585202096209826,0.14785295846038343,-0.013598895710925,0.051412782008367554,-0.09134700976062723,0.004769978129081901,-0.009733807877829131,0.008465985805339768,0.46496080403793955,0.02502476080748872,1.0,0.30996754816939104,-0.21565644021807065,0.1312214056220616,-0.04477499582074336,0.059204038403301615,-0.040249431922114505,0.05042639629376264,-0.05871896169038117,0.039066745289364276,0.039066745289364276,-0.05483070047448547,0.10964284517801884,-0.03119313214353625,0.1218099170274251,-0.06818661914458171,0.06411049228940592,0.04750973316849621,-0.0364599789137019,-0.04592843928357102,-0.16705601644766968,0.15301914986812237,0.30794153322413437,-0.13608704358732743,-0.03180432710950297,0.03277260732922676,-0.20153457069239294,0.1050360197079016,0.05163488291385257,-0.0036106314125228123,0.0864281286054695,0.014457462228130538,-0.17660862058847016,0.13602259407989248,-0.15661961358370377,-0.1919343064560054,0.23819467760926763
hit_LOB,-0.16157642810898268,-0.04437540995008273,0.38790676916338107,0.39686443528975673,0.4264354652953595,0.7856850883982903,0.5478034282069836,0.4972711791798307,0.5451744828922378,0.4230135065677818,0.06581899515364263,0.09593076367012678,0.49395726977760146,-0.014669143379208223,-0.09795843905999777,0.7195820472511446,-0.07285749910363314,0.37544564808877623,0.6165937860298044,0.2510529500709073,0.4142021516986678,0.32998025438200196,0.4398041538504049,0.2380944164281585,0.16054111769678275,-0.024431398486869572,0.35267023338649045,0.30996754816939104,1.0,-0.08406692746649319,0.4016845100831297,0.19185067127218128,0.2866901698502984,-0.007800475589801959,0.12873494302716276,0.21012771046962156,0.4264354652953595,0.4264354652953595,0.22397133829405402,0.037481577342492745,-0.0579312313811185,-0.007038588017200393,-0.04364417397889992,0.37962766747602544,0.3021087306897276,0.29204952165630566,0.30644888670406134,0.08943056873965478,0.27860819312026575,0.13974802464108602,-0.036473487604122,0.23501251985601587,-0.15327175368371113,-0.16113556785417138,0.5082641352887864,-0.0681232771669961,0.16331462723332582,0.2023475672384474,0.1366026960119657,0.008796114005716104,0.1941411957668124,-0.1267711890241996,-0.19251658477106104,0.39183643751360153
pitch_numP,0.4578199718741193,0.7629751562459877,-0.07146839100005789,-0.05470783920063271,0.019772226061431347,-0.03821807235133588,-0.003634985257497508,-0.05185620568807995,-0.08565400263936088,0.055741433757865146,-0.012366748774994168,0.08411392260488934,-0.03562120058333162,-0.11979366194316865,-0.20775413807226345,-0.06018097329085201,0.36166956391653243,-0.10981703811779178,-0.09070386150160346,0.014728470190188692,-0.025554969635216356,0.11777163580005284,0.012460203603418022,0.017726575427996036,0.18793593398487562,-0.16959224650197863,-0.11069154975154105,-0.21565644021807065,-0.08406692746649319,1.0,0.08150653830935252,0.11291864326776826,-0.18505293962650057,0.20567744193644402,-0.20840455528173876,0.1313912235183721,0.019772226061431347,0.019772226061431347,0.2629009191321635,-0.35419819075338743,-0.01986418136794698,-0.3163495093171118,-0.14453025929464286,-0.004588851914680421,-0.008028208774499038,0.11874615933808993,0.1356203849870242,0.1177663736351976,-0.004355425336436347,-0.06638500433852544,0.23364208800710845,0.29094155922798287,-0.052521266205845456,0.11471300831810988,0.012315122643613537,-0.30772241384648924,-0.0026090591299957047,-0.0057373703964238,-0.001996843872173536,0.1264433619832789,0.0022484906052452004,0.2515966200804505,0.14142262100044597,-0.11237612797815116
pitch_PAge,-0.17904376491851853,0.09190600039648962,0.5684352815347282,0.39358174704822774,0.10927467939345704,0.3407380881859574,0.2235106770106791,0.41703641961083104,0.3317469860433345,0.22493411831337076,-0.07480555639490057,0.32212115298447824,0.43150941317571867,0.06830019901006534,-0.07628537616997125,0.3579927897446865,-0.17460612708946976,0.2997805888282312,0.4002494083141571,0.3801846861017973,0.41276775892519757,0.3277872313720753,0.40961222544619785,0.08528377584663951,0.1305947654401514,-0.11361318931197269,0.14820607559867305,0.1312214056220616,0.4016845100831297,0.08150653830935252,1.0,0.2761444588873865,0.18341426849124473,-0.11858688804960783,0.153145690809456,0.27372075309367816,0.10927467939345704,0.10927467939345704,0.06414618597087059,8.56552946343602e-05,-0.14060361084745135,-0.019122393773555207,-0.014132133034478226,0.049775673548139866,0.2134993524128924,0.30353892766638885,0.29508785921436254,0.22960084764906777,0.03104391331042569,0.07662901466086726,-0.16315585942817415,0.27345440005084637,-0.1275288494353539,-0.13825936540466074,0.19006136265920404,-0.15582696950958816,0.21127535979023285,0.14941816539959227,0.19231051116607617,0.2160596960409535,0.014778389184693475,-0.18475998132122232,-0.11771244284106146,0.06818670945810017
pitch_RAG,-0.4866285345866919,0.11880595390325059,0.22700993470097647,0.7066979771746317,-0.13817758228675006,0.24851351842470285,0.09759979447108055,0.6705483793402072,0.4951995602707482,0.25913090400118133,0.017518813212798315,0.45821579112693583,0.6694519129676013,0.09142161119599958,0.15136343555552734,0.41254778235015704,-0.37258112689290357,0.589808450825381,0.6343241082939963,0.6686248585851841,0.696168097989679,0.3027414776530623,0.5978682899996481,0.23706990194740196,-0.09891533640717773,-0.16060651347143798,0.38755048437569756,-0.04477499582074336,0.19185067127218128,0.11291864326776826,0.2761444588873865,1.0,-0.3158437645360357,0.2273497456930881,-0.2836492356684937,0.9822203406751011,-0.13817758228675006,-0.13817758228675006,-0.02629497418317202,-0.07737704798498907,-0.6718408385501958,-0.2256770138453672,-0.17277850819854737,-0.24246280573650603,0.7440640888747029,0.9727902820507529,0.9534487997621773,0.5913916005198657,0.4870159125907279,0.004116885859456525,-0.5246376243723602,0.17347718820165134,0.08277978959231622,-0.026175178064780754,0.3927707919252787,-0.609882728119433,0.8021167379468297,0.891443344127974,0.8459220833966351,0.6015067819597597,0.5264412787869859,-0.5025077578244361,-0.6270543221213479,0.35747956960315913
pitch_W,0.03464163012729028,-0.2615300498682943,0.1549272666619005,0.24241691042027266,0.3570818235123951,0.41583056846277294,0.3849591210829108,0.3254689186538512,0.2910405513989271,0.21412730320654752,-0.15313125559393517,0.23247947690959814,0.3295983663487566,0.08943664026548828,-0.02120377707328223,0.20069023531582988,0.026504097523740854,0.14503058377768308,0.18679335738369396,0.19727337021641425,0.20520103442965615,0.31466157361465197,0.32264374432713955,0.030859701039217834,0.21848858993852416,-0.12322692309286466,0.1592250677554112,0.059204038403301615,0.2866901698502984,-0.18505293962650057,0.18341426849124473,-0.3158437645360357,1.0,-0.7744561323861915,0.9204581451817923,-0.3226788544266197,0.3570818235123951,0.3570818235123951,0.11322314103465532,0.13614749903849757,0.30990658765025497,0.15898382855112628,0.3887022130333978,0.4084824263846078,-0.10774956484575929,-0.23238852750537117,-0.23322091231377204,-0.06039659575882185,-0.1520944803413085,-0.07925734049664888,0.11383072252211525,0.12043947876750193,-0.2353046465700097,-0.0327687123739016,0.15865919835407807,0.43541917479947734,-0.1958789662259859,-0.32885987221040736,-0.2851410365629736,-0.12084885204388361,-0.2383621613828237,0.02395050514323909,0.16228193593269394,-0.01439756656376453
pitch_L,0.2170504037100284,0.24255925888256102,-0.09670608255625958,-0.3144184403433509,0.3131990496640515,0.10288092858457575,0.1927711870843075,-0.23841357404161984,-0.07297702393517087,-0.02546636059270498,0.1534859574316323,-0.17665242418493185,-0.24031608320983924,-0.150016579944276,-0.07838327590922074,-0.13781128554348637,0.1784685944344557,-0.21769335378354343,-0.2651500495903315,-0.26143112126601814,-0.2785795599888079,-0.32598437340326736,-0.13545542465505733,0.08062323665764586,-0.08757550469456891,0.11507485551687648,-0.08405863953024861,-0.040249431922114505,-0.007800475589801959,0.20567744193644402,-0.11858688804960783,0.2273497456930881,-0.7744561323861915,1.0,-0.9591164620758854,0.2514899943923838,0.3131990496640515,0.3131990496640515,0.3731797680564496,-0.2666208342951051,-0.2111705165081192,-0.2129455712747194,-0.25122924028919513,0.2259465129877442,0.31239541235203827,0.2992579222657531,0.3121189889966613,0.1926103583468451,0.17718375832400754,0.12860244785410427,0.1046003422103431,0.03748222792253571,0.14308042080434455,-0.004929218799989671,0.36768059789365687,-0.44412962976220666,0.13850954855098477,0.22459966348641613,0.22275775364389178,0.15820105700857895,0.12692148064350856,0.060074588238660465,-0.041415786247236436,0.2627480752028819
pitch_WL,-0.11691969936149332,-0.26544919894498,0.12388102474643434,0.2986330245932193,-0.03437505904051795,0.11949696879040374,0.05119213031609447,0.2884966446324672,0.17182560418641135,0.11086427662764924,-0.16395793438808118,0.21123511540284107,0.29154688603665246,0.13146545614744354,0.03960088868796245,0.17249718212808082,-0.09866948344317125,0.19602438204088515,0.2436294667177438,0.24707080406992127,0.26058401654160257,0.33996322629956577,0.22478242293837378,-0.034802435305131586,0.14859796468406022,-0.12649539547555957,0.12180874834062584,0.05042639629376264,0.12873494302716276,-0.20840455528173876,0.153145690809456,-0.2836492356684937,0.9204581451817923,-0.9591164620758854,1.0,-0.30128035288938165,-0.03437505904051795,-0.03437505904051795,-0.1791439682194115,0.2240436173211322,0.26921979954907543,0.20218734557862447,0.3259562820710941,0.0429090568901901,-0.24127816847129258,-0.29045346488095913,-0.29829663600009965,-0.14830597669357093,-0.1795926979822669,-0.11464168919002402,-0.013228950372036861,0.028504277098817928,-0.19464231274711744,-0.01350604836785106,-0.15748131639569535,0.46878165137126654,-0.17523130257825006,-0.2873707124391467,-0.2656701103317521,-0.154903945301579,-0.18722605778158902,-0.02591291018064221,0.0996915034329596,-0.17004867014089028
pitch_ERA,-0.431605460867098,0.11328653522103453,0.23947912159370013,0.687577929447053,-0.11199865991334737,0.25183131968492484,0.10292012343656029,0.6574812944111782,0.4930561352723855,0.2670743493704697,0.028245344661378936,0.43562149114469717,0.6567239025487546,0.0808380043599746,0.1333650728251519,0.4122184443976751,-0.36616627891065556,0.583637495348759,0.6301912941418499,0.6512102502681385,0.6831434388227176,0.3013263183546564,0.5855340799730365,0.24151652447304975,-0.08700416630255632,-0.18314524152005907,0.39994652868330804,-0.05871896169038117,0.21012771046962156,0.1313912235183721,0.27372075309367816,0.9822203406751011,-0.3226788544266197,0.2514899943923838,-0.30128035288938165,1.0,-0.11199865991334737,-0.11199865991334737,0.0013097796142922207,-0.09460564670172025,-0.6704006016456259,-0.2508604985472808,-0.17482342280572016,-0.24034328977814648,0.7441269897131838,0.9610543658678037,0.9724159644071657,0.6235640306678079,0.48534893965705217,-0.04472549746215924,-0.5205649635600833,0.20508881931959072,0.05035728279304055,-0.02179293551352557,0.38966789424271686,-0.6434668644491636,0.8191182819186471,0.8894755140892591,0.8435294884327149,0.6310813978081575,0.5225993002015007,-0.4984934133054871,-0.6244330694989827,0.3594778100423281
pitch_G,0.3661621685847989,-0.040160917912529244,0.10030858029445652,-0.09875952479571765,1.0,0.7798234656019484,0.863048571001355,0.1385490659909136,0.3284829883044068,0.28514043745146467,-0.006606852767740563,0.09342374837027569,0.14230743677907812,-0.09256006571001216,-0.1525636627861887,0.10477076767786726,0.29878485959239054,-0.10483173918494715,-0.10779571856775352,-0.08713306377726125,-0.1000207437318197,-0.009035534193336421,0.28703953334654997,0.16869074680305327,0.20531621980064482,-0.01897042081394792,0.11920941194629073,0.039066745289364276,0.4264354652953595,0.019772226061431347,0.10927467939345704,-0.13817758228675006,0.3570818235123951,0.3131990496640515,-0.03437505904051795,-0.11199865991334737,1.0,1.0,0.716449726346966,-0.18165781965544486,0.14949460944319093,-0.07671941141165348,0.2128178671698517,0.9475353925743122,0.2993454834514859,0.09362032193207406,0.11196405616926897,0.1943376471251611,0.03671224954189122,0.07119469636925886,0.32239007261447294,0.23126717848115558,-0.14519987731852205,-0.0612776783941426,0.781718296860454,0.0028204653968545088,-0.08797397472190535,-0.1606560507327759,-0.09998840893918244,0.05335652692171038,-0.16705511965978428,0.12167292933557233,0.17934553661713076,0.36607836490134504
pitch_GS,0.3661621685847989,-0.040160917912529244,0.10030858029445652,-0.09875952479571765,1.0,0.7798234656019484,0.863048571001355,0.1385490659909136,0.3284829883044068,0.28514043745146467,-0.006606852767740563,0.09342374837027569,0.14230743677907812,-0.09256006571001216,-0.1525636627861887,0.10477076767786726,0.29878485959239054,-0.10483173918494715,-0.10779571856775352,-0.08713306377726125,-0.1000207437318197,-0.009035534193336421,0.28703953334654997,0.16869074680305327,0.20531621980064482,-0.01897042081394792,0.11920941194629073,0.039066745289364276,0.4264354652953595,0.019772226061431347,0.10927467939345704,-0.13817758228675006,0.3570818235123951,0.3131990496640515,-0.03437505904051795,-0.11199865991334737,1.0,1.0,0.716449726346966,-0.18165781965544486,0.14949460944319093,-0.07671941141165348,0.2128178671698517,0.9475353925743122,0.2993454834514859,0.09362032193207406,0.11196405616926897,0.1943376471251611,0.03671224954189122,0.07119469636925886,0.32239007261447294,0.23126717848115558,-0.14519987731852205,-0.0612776783941426,0.781718296860454,0.0028204653968545088,-0.08797397472190535,-0.1606560507327759,-0.09998840893918244,0.05335652692171038,-0.16705511965978428,0.12167292933557233,0.17934553661713076,0.36607836490134504
pitch_GF,0.5301755476692592,0.142827025820001,-0.0127137730823503,-0.14474757413452907,0.716449726346966,0.5097055482954244,0.6306779121271592,0.022350443197377882,0.21486826806342957,0.20414449838315918,-0.02678521441354793,0.061997516130404065,0.030229539413147013,-0.11928196522445456,-0.21943556440498285,-0.045314537953770925,0.35199959930293656,-0.10862687254139891,-0.16134451716125678,-0.08375331176452286,-0.11997289415690897,-0.0014894526295165336,0.18903201101873174,0.19223088591053517,0.1949543634835215,-0.0630214847766172,-0.02944288015763922,-0.05483070047448547,0.22397133829405402,0.2629009191321635,0.06414618597087059,-0.02629497418317202,0.11322314103465532,0.3731797680564496,-0.1791439682194115,0.0013097796142922207,0.716449726346966,0.716449726346966,1.0,-0.8161799692732168,-0.05964824223222574,-0.603691440339338,0.26601695664880354,0.6828679027672617,0.2573850026989875,0.1372645883119771,0.16187705556806292,0.2051432911740953,0.0650665596090654,0.03622130519253317,0.2861071286003965,0.2817089881310383,-0.16407995183068952,0.1262080360916607,0.6110085842776162,-0.1538304785496634,-0.026201161946189256,-0.06225378429739458,-0.025536029814188906,0.10379812326875529,-0.08436786204925976,0.1411931460326957,0.1373397958327058,0.31432738024004103
pitch_CG,-0.444050321661698,-0.234584928601586,0.10099828166703285,0.12223547781905623,-0.18165781965544486,-0.07259446700358531,-0.1741833259272343,0.08324476062161763,-0.03081324217932854,-0.05159460513136035,0.03228337419177342,-0.010013716243701282,0.07525147723958713,0.09147475202920982,0.18295086622018855,0.15064659910216444,-0.2487042799319027,0.06629215241455301,0.13814587222689023,0.04588982383481331,0.0862695794345127,-0.005383933706431623,-0.02871981960272109,-0.13124755107970734,-0.10475253009645731,0.07312073197341355,0.14023294890260005,0.10964284517801884,0.037481577342492745,-0.35419819075338743,8.56552946343602e-05,-0.07737704798498907,0.13614749903849757,-0.2666208342951051,0.2240436173211322,-0.09460564670172025,-0.18165781965544486,-0.18165781965544486,-0.8161799692732168,1.0,0.20789192069079923,0.7873972300024648,-0.19870632366759958,-0.17777450645943446,-0.11487525881231044,-0.11594416635601261,-0.13544421855136174,-0.12820707254027208,-0.06130925960000749,0.007908804776884253,-0.1362747724613324,-0.20554506894214017,0.11102278298854541,-0.22864881504097756,-0.21381757212375685,0.21916884785774043,-0.03592969150740728,-0.04530814075882654,-0.046817818144259546,-0.10211851089842422,-0.019436911101752746,-0.09824798660322707,-0.04505090948395997,-0.1398693548724515
pitch_tSho,0.3360842799971112,-0.008768194159519228,-0.08910084217707809,-0.4686645576493804,0.14949460944319093,-0.12729447692476017,-0.031817279788566674,-0.4317049188813376,-0.3179937275061257,-0.14190602898780413,-0.013612752181165142,-0.3073097241452502,-0.42950619104309,-0.13066708558771872,-0.19366105972672543,-0.24549013242197643,0.25250075261463306,-0.3975194767101676,-0.4116548731951049,-0.4502941184225993,-0.46328193913117816,-0.13222210586188854,-0.38776016205082986,-0.15644720306919804,0.09257508905261602,0.07326417986820058,-0.25766709694679607,-0.03119313214353625,-0.0579312313811185,-0.01986418136794698,-0.14060361084745135,-0.6718408385501958,0.30990658765025497,-0.2111705165081192,0.26921979954907543,-0.6704006016456259,0.14949460944319093,0.14949460944319093,-0.05964824223222574,0.20789192069079923,1.0,0.42948467831045095,0.1324888440561582,0.1838279774957097,-0.5008961963424531,-0.6405889731298642,-0.6461481284903778,-0.45634310640236664,-0.3686655180120643,-0.03839371996284622,0.34797898264430255,-0.038488730665321325,-0.09510137541908914,-0.024375360514798154,-0.2572882756387387,0.3715155602327721,-0.5854690419537584,-0.6292844829325879,-0.5778633143813071,-0.4773022099119849,-0.3898474436534501,0.329475648900156,0.4601388201128171,-0.2787049069209374
pitch_cSho,-0.2793402688570826,-0.21485518388029995,0.01633755331904808,-0.056591368085076636,-0.07671941141165348,-0.08984858626424223,-0.14496081521036477,-0.07029581753577627,-0.12092748710151892,-0.1485649500075579,0.0191230242269944,-0.1098989631444875,-0.08134919159259607,0.12189910552604054,0.1602937115240804,0.026650212973447204,-0.08740634927464669,-0.06877562081291388,-0.023435726158683872,-0.12065976823186836,-0.08815774463761972,-0.054182360188178534,-0.15739949556802427,-0.16428376166312225,-0.03792115252525667,0.19938257106123258,-0.01742205056955393,0.1218099170274251,-0.007038588017200393,-0.3163495093171118,-0.019122393773555207,-0.2256770138453672,0.15898382855112628,-0.2129455712747194,0.20218734557862447,-0.2508604985472808,-0.07671941141165348,-0.07671941141165348,-0.603691440339338,0.7873972300024648,0.42948467831045095,1.0,-0.09927526943026738,-0.06561890723182418,-0.18472352534836423,-0.24146429137094225,-0.2691133711454844,-0.2132189109348326,-0.10710781564372159,0.06835837649073252,-0.03825848541152691,-0.21049648948807992,0.07624256608722421,-0.18059578495649806,-0.18848497546406154,0.2060957688103533,-0.1617449879050079,-0.1666151267631629,-0.1621042648272915,-0.2001085098299347,-0.08746540586368573,-0.020036421498296215,0.04659121172328764,-0.11572008880982886
pitch_SV,0.07985762288134773,-0.12896562363060626,0.001463165302002231,-0.20390537526499572,0.2128178671698517,0.04807506204832041,0.14659756875780125,-0.15517445642706562,-0.0497865239920093,-0.15064717843625564,-0.09847806415957083,-0.07615201940039545,-0.14992681893847284,0.004148626330851121,0.021018632010163053,-0.16750946652088736,0.05437621258478991,-0.1569290860345269,-0.22503321569579532,-0.20143572812965335,-0.22239630907270397,-0.13361774568030943,-0.11067382065809243,-0.029119750128757702,0.0421891417601272,-0.0375317286946187,-0.04096136443334999,-0.06818661914458171,-0.04364417397889992,-0.14453025929464286,-0.014132133034478226,-0.17277850819854737,0.3887022130333978,-0.25122924028919513,0.3259562820710941,-0.17482342280572016,0.2128178671698517,0.2128178671698517,0.26601695664880354,-0.19870632366759958,0.1324888440561582,-0.09927526943026738,1.0,0.27258122806468194,0.05493525069817649,-0.1259326141647568,-0.11794940465481107,-0.02518266126000173,-0.05405259195612702,-0.01857049802530813,0.029083951022478963,0.006111715751133651,-0.04693025714194538,0.05667315844360709,0.18879134262346958,0.11712662977549113,-0.07454752089402598,-0.09946765188090373,-0.05922155696050098,-0.054872816510646266,-0.11023022230899746,-0.037211019346519346,0.04221791210096595,0.20177368721110178
pitch_IP,0.3633823671928085,-0.048477978589496144,0.06274053173003329,-0.16188641004461463,0.9475353925743122,0.7534443317982197,0.8594366305456583,0.06321077299805258,0.2723036309364931,0.2340134029726384,-0.004607328863043418,0.04168616976839692,0.0658053058505873,-0.046996799665823,-0.10891143881183123,0.04892980312782105,0.3453849201869753,-0.1756222522176733,-0.1896476264556428,-0.16970443120397458,-0.18729250415685,-0.04758047181514899,0.21593895254799708,0.12911354025963226,0.20337796417012485,0.009542402947287374,0.05888635265346105,0.06411049228940592,0.37962766747602544,-0.004588851914680421,0.049775673548139866,-0.24246280573650603,0.4084824263846078,0.2259465129877442,0.0429090568901901,-0.24034328977814648,0.9475353925743122,0.9475353925743122,0.6828679027672617,-0.17777450645943446,0.1838279774957097,-0.06561890723182418,0.27258122806468194,1.0,0.21749816601586386,-0.023514351762930322,-0.009153335969735464,0.10398815629550619,-0.016818495856638714,0.13564037584446098,0.3935138601871561,0.17656969183033985,-0.11909100308585664,-0.04080161335934963,0.7559481828180143,0.09737343672140872,-0.19604250410533705,-0.2677561848927638,-0.2023622356745349,-0.03849144581008986,-0.227773739561315,0.18232125844949004,0.25324368467429276,0.342384271408905
pitch_H,-0.27721056826047846,-0.0034917451973402987,0.1936683153765519,0.487948023961114,0.2993454834514859,0.5052348867748799,0.4532515908387497,0.5559735295840457,0.5616051744196164,0.32393288767947426,0.03354208106902192,0.33042601416520134,0.5577009191573018,0.05292806169909738,0.06849431503345833,0.3061247467508846,-0.26905369027952647,0.4575371650854851,0.4411556094468299,0.4590598368119171,0.48111016824784525,0.20354460697664378,0.5700654481369446,0.3566807318795669,-0.03679115685753851,-0.1240533463399159,0.34823698900153394,0.04750973316849621,0.3021087306897276,-0.008028208774499038,0.2134993524128924,0.7440640888747029,-0.10774956484575929,0.31239541235203827,-0.24127816847129258,0.7441269897131838,0.2993454834514859,0.2993454834514859,0.2573850026989875,-0.11487525881231044,-0.5008961963424531,-0.18472352534836423,0.05493525069817649,0.21749816601586386,1.0,0.817099084580607,0.8175767718710241,0.4534521933488929,0.21575951957104833,0.03239458759773027,-0.46094947751342846,0.11756046868438118,-0.005808917035301943,-0.16590039521848982,0.7014202299413627,-0.48627091626726804,0.5551088253544156,0.7466884335439684,0.9099537735306444,0.4038724119622217,0.16125124648744354,-0.5443832327595333,-0.4045669788799619,0.5907348402073761
pitch_R_allowed,-0.4062302472503159,0.11039938906288553,0.2503649414611734,0.6879919400595117,0.09362032193207406,0.43136801568289546,0.2984505749940836,0.7071393806770202,0.573906816571644,0.3250350167168621,0.013216707276347939,0.48421987558654395,0.7068520533788913,0.07004581167381213,0.11680445705789591,0.4412084922132857,-0.3064824074491736,0.5679741556915004,0.6130070601890524,0.6520612643874886,0.6768868833872396,0.3037639371849952,0.6681231145928885,0.27739510060294953,-0.05459008135049067,-0.168261941388049,0.419346592970899,-0.0364599789137019,0.29204952165630566,0.11874615933808993,0.30353892766638885,0.9727902820507529,-0.23238852750537117,0.2992579222657531,-0.29045346488095913,0.9610543658678037,0.09362032193207406,0.09362032193207406,0.1372645883119771,-0.11594416635601261,-0.6405889731298642,-0.24146429137094225,-0.1259326141647568,-0.023514351762930322,0.817099084580607,1.0,0.9848412866676657,0.6398406610141661,0.4981595063180974,0.022150068258827267,-0.4532620674197254,0.22777210890325295,0.04806876598488964,-0.04368165782118888,0.5763752353611251,-0.6137591331803901,0.7860214703303684,0.8578537842376054,0.8259851026520655,0.6165823834971881,0.49001599139048946,-0.4774140907141659,-0.5893474688943153,0.44355489237108964
pitch_ER,-0.35888999609492345,0.1060522256754709,0.25980045786901873,0.6702774157914142,0.11196405616926897,0.4394486470421405,0.3107066435012161,0.6936074825857629,0.5726217481078493,0.3303504439638607,0.026795759243679305,0.4615627086595497,0.6935436333356096,0.07307142975937397,0.11110329501600251,0.4377558197984646,-0.2957791715316303,0.5587527948346206,0.6041356605942241,0.6317292524067766,0.6600413265853672,0.3009825372629602,0.6560604584172538,0.2783040031414382,-0.04230080835403507,-0.18709890483375563,0.4286061260148844,-0.04592843928357102,0.30644888670406134,0.1356203849870242,0.29508785921436254,0.9534487997621773,-0.23322091231377204,0.3121189889966613,-0.29829663600009965,0.9724159644071657,0.11196405616926897,0.11196405616926897,0.16187705556806292,-0.13544421855136174,-0.6461481284903778,-0.2691133711454844,-0.11794940465481107,-0.009153335969735464,0.8175767718710241,0.9848412866676657,1.0,0.6689902700421098,0.4952967815226201,-0.012383586358864851,-0.4424715183419484,0.2535631706634114,0.02274673582812883,-0.036051361863418244,0.5809871503970183,-0.6417311886913115,0.7974420866919417,0.8506925849679899,0.8190434310853965,0.6423213891077333,0.48276955698090185,-0.4696766402376872,-0.5827835665577817,0.4493687589087283
pitch_HR,-0.08063874222278203,0.010261469009644045,0.19551679736487976,0.4414687744301376,0.1943376471251611,0.32448929161750395,0.2763429666781461,0.4850990479575398,0.3272535438167442,0.2053577236166598,-0.0058921788874048125,0.49150828528176377,0.4822545922474278,0.0967205772316095,0.011281607545978138,0.22498517121402825,-0.061625628706249214,0.2585586370900375,0.291577203031104,0.47891808104901995,0.4337964865501392,0.12370230464967827,0.5137052144045043,0.03871142604376139,0.11747878013492571,-0.1845530275545472,0.23248186837437163,-0.16705601644766968,0.08943056873965478,0.1177663736351976,0.22960084764906777,0.5913916005198657,-0.06039659575882185,0.1926103583468451,-0.14830597669357093,0.6235640306678079,0.1943376471251611,0.1943376471251611,0.2051432911740953,-0.12820707254027208,-0.45634310640236664,-0.2132189109348326,-0.02518266126000173,0.10398815629550619,0.4534521933488929,0.6398406610141661,0.6689902700421098,1.0,0.24668008335527492,-0.16006612288243327,-0.17645552517221147,0.30435978493462046,-0.0030491150554563316,-0.09526394775513458,0.3923150378332212,-0.3386846810112426,0.7468095929541266,0.41148015545938305,0.4085705433532465,0.9683016535721628,0.21047864353743992,-0.2101286941089007,-0.2648845929831028,0.12146223228984333
pitch_BB,-0.3928990651954349,-0.027797759966316053,0.18192356589806746,0.3827897903987583,0.03671224954189122,0.2780523185546112,0.09906322104442308,0.38958376164266484,0.25267710933157206,0.10833321324390313,0.059921205383207186,0.24095841749174418,0.3868650486083427,0.07843483316006443,0.14576385260254496,0.39689987379515806,-0.1706446756003812,0.26903113743515356,0.3913157911070258,0.3222308248531418,0.3703605158438941,0.06513971939560835,0.3105858075000191,0.06401906656759705,-0.07319391153730226,0.18304115886607183,0.26681622322097825,0.15301914986812237,0.27860819312026575,-0.004355425336436347,0.03104391331042569,0.4870159125907279,-0.1520944803413085,0.17718375832400754,-0.1795926979822669,0.48534893965705217,0.03671224954189122,0.03671224954189122,0.0650665596090654,-0.06130925960000749,-0.3686655180120643,-0.10710781564372159,-0.05405259195612702,-0.016818495856638714,0.21575951957104833,0.4981595063180974,0.4952967815226201,0.24668008335527492,1.0,0.28063845204643084,-0.21008334539441637,0.08039244022629206,0.13972108459367563,0.07234684762471501,0.42798187752037864,-0.2522158668539793,0.6127428350423528,0.674469564886426,0.2205156524947223,0.2421933197961844,0.9739262060882165,-0.2186171022713715,-0.7896865718835482,0.6537338157149147
pitch_IBB,-0.2436780933468351,0.0013095603067210591,0.04758536438854672,-0.07235152367175922,0.07119469636925886,0.11601131257661162,0.03155146338640418,-0.05254327530153852,-0.08213212793737962,-0.1797777378170261,0.041031343350029344,0.002483658592519944,-0.0528138841948598,-0.04474163479676724,-0.021369408280181662,0.1541452503542878,-0.009536464229044165,-0.1292924221400379,-0.03210376801173545,-0.10406600586430004,-0.08109153313045175,-0.2268085119606008,-0.07112032275742054,0.05538536679507831,-0.17348287975988244,0.3848981270630966,-0.0751739749138332,0.30794153322413437,0.13974802464108602,-0.06638500433852544,0.07662901466086726,0.004116885859456525,-0.07925734049664888,0.12860244785410427,-0.11464168919002402,-0.04472549746215924,0.07119469636925886,0.07119469636925886,0.03622130519253317,0.007908804776884253,-0.03839371996284622,0.06835837649073252,-0.01857049802530813,0.13564037584446098,0.03239458759773027,0.022150068258827267,-0.012383586358864851,-0.16006612288243327,0.28063845204643084,1.0,-0.031341918682150714,-0.2072171958595834,0.16137679882287448,-0.14397718462339174,0.19074992501236288,0.03467888733011255,0.00616283816810195,0.10943764042003282,-0.023892901957182303,-0.1710076030737191,0.25170138085086796,-0.0665714845695987,-0.20102695846361637,0.27818906458674475
pitch_SO,0.5637929147376564,0.16307063664013693,-0.06446837388356023,-0.4366941097087217,0.32239007261447294,0.06014246224259558,0.17660980328936415,-0.3580544960297829,-0.2271526214426736,-0.08335439910229181,-0.09604264776035865,-0.1473569903880158,-0.353297586393309,-0.11609278083296758,-0.16787473326070362,-0.17761271702489018,0.5566863302030677,-0.41007213526431047,-0.40826412552590774,-0.37629180553205754,-0.41270491387906566,-0.14285281135573427,-0.23920737920255106,-0.07095242446823297,0.07520456151515306,-0.04503506111201419,-0.2487701258641274,-0.13608704358732743,-0.036473487604122,0.23364208800710845,-0.16315585942817415,-0.5246376243723602,0.11383072252211525,0.1046003422103431,-0.013228950372036861,-0.5205649635600833,0.32239007261447294,0.32239007261447294,0.2861071286003965,-0.1362747724613324,0.34797898264430255,-0.03825848541152691,0.029083951022478963,0.3935138601871561,-0.46094947751342846,-0.4532620674197254,-0.4424715183419484,-0.17645552517221147,-0.21008334539441637,-0.031341918682150714,1.0,0.02214098501166149,-0.03475011976217011,0.2291658029985086,-0.012278842650724743,0.2592421980773691,-0.6551428103466215,-0.6042905551005254,-0.6206889405678042,-0.2252745154194163,-0.2841923749888953,0.9746581261935865,0.749853159319311,-0.2040413039326562
pitch_HBP,0.21705315462353045,0.2263176131124507,0.1831167427015616,0.19706909057889843,0.23126717848115558,0.2969969600554228,0.2876732966208124,0.24987521921241235,0.21526688118524087,0.29163289411054766,-0.10967720282680042,0.20133565092497538,0.25364549116051666,-0.10856627723847459,-0.25399847112541035,0.12070642431391465,0.0927540677023896,0.10389079961970478,0.14526970731148334,0.19028498750061001,0.18503071571231552,0.17333655279065685,0.28042683140695984,0.016223600679029126,0.3474915057422795,-0.18748632053809816,0.033018912741774126,-0.03180432710950297,0.23501251985601587,0.29094155922798287,0.27345440005084637,0.17347718820165134,0.12043947876750193,0.03748222792253571,0.028504277098817928,0.20508881931959072,0.23126717848115558,0.23126717848115558,0.2817089881310383,-0.20554506894214017,-0.038488730665321325,-0.21049648948807992,0.006111715751133651,0.17656969183033985,0.11756046868438118,0.22777210890325295,0.2535631706634114,0.30435978493462046,0.08039244022629206,-0.2072171958595834,0.02214098501166149,1.0,-0.21139926239987009,-0.023834310637741125,0.2734920939339436,-0.17039879338405883,0.23308613130969327,0.052820059807690625,0.041643617591873884,0.26167116135415686,0.044033909272677606,-0.01695317466553322,-0.06575809537964375,0.17044230521033363
pitch_BK,-0.21499826376555942,-0.016241166783181455,0.01906551227879357,-0.1060005711860118,-0.14519987731852205,-0.17315881728003563,-0.1761152387143751,-0.1396650823762065,-0.17003131137739855,-0.3269033677768032,0.15114884826848465,-0.10282834901151207,-0.14527845566621414,0.11190507317962388,0.14869298428492408,-0.08135542908621558,-0.01243374659845435,-0.11592696910928922,-0.12666045706508572,-0.14909429424354745,-0.14914325432449063,-0.24625431164457925,-0.19766111473636297,-0.1938885160992339,-0.18421598244410628,0.21135055993965082,-0.050107244393832163,0.03277260732922676,-0.15327175368371113,-0.052521266205845456,-0.1275288494353539,0.08277978959231622,-0.2353046465700097,0.14308042080434455,-0.19464231274711744,0.05035728279304055,-0.14519987731852205,-0.14519987731852205,-0.16407995183068952,0.11102278298854541,-0.09510137541908914,0.07624256608722421,-0.04693025714194538,-0.11909100308585664,-0.005808917035301943,0.04806876598488964,0.02274673582812883,-0.0030491150554563316,0.13972108459367563,0.16137679882287448,-0.03475011976217011,-0.21139926239987009,1.0,0.013334169812321418,-0.04628800085592351,-0.09205319387718187,0.05951411836739946,0.11729651420523472,0.050742547212326565,0.03616272142444244,0.16657899035325066,-0.009072716131513935,-0.11576507457818266,0.030905694855758083
pitch_WP,0.17048699368045486,0.140609479803123,-0.12337865448660226,-0.04063636669640094,-0.0612776783941426,-0.10391210010059852,-0.0316012556176199,-0.056382554614672384,0.015400484568795593,-0.02679678577985403,-0.04044602580134872,-0.06553309048890572,-0.06325207759750069,0.02149970037649913,0.15192021485401222,-0.15125447198053307,0.11890200546126212,0.03957113487805128,-0.04858638832673184,-0.028880029850608457,-0.039824802773071155,0.19424243690739143,-0.04030705864819738,0.05961682704035014,0.011235196467393758,-0.13520106023112294,-0.009521809204039318,-0.20153457069239294,-0.16113556785417138,0.11471300831810988,-0.13825936540466074,-0.026175178064780754,-0.0327687123739016,-0.004929218799989671,-0.01350604836785106,-0.02179293551352557,-0.0612776783941426,-0.0612776783941426,0.1262080360916607,-0.22864881504097756,-0.024375360514798154,-0.18059578495649806,0.05667315844360709,-0.04080161335934963,-0.16590039521848982,-0.04368165782118888,-0.036051361863418244,-0.09526394775513458,0.07234684762471501,-0.14397718462339174,0.2291658029985086,-0.023834310637741125,0.013334169812321418,1.0,-0.08196777619998917,-0.12497978919808735,-0.14295526502853395,-0.06283458775538622,-0.14232889088637968,-0.08842611641031929,0.08844729327393844,0.25056581421277013,0.07331643147198058,-0.10798602664041043
pitch_BF,-0.02374209755040137,-0.006345349990787897,0.21802659374962852,0.2762850826650971,0.781718296860454,0.8475103243532518,0.8306894010201533,0.4599425424992275,0.5481669850954477,0.37426513872416606,0.015155977930506269,0.2876492605394287,0.46155717828010134,0.008290400663099624,-0.010157301880952924,0.32822610576172595,0.047679318496777263,0.2040566744051797,0.23434488793259362,0.2376226319029049,0.25221596099924964,0.10461505484099777,0.5436945616587618,0.2774855666807415,0.10349138724724118,-0.018240456541356444,0.28442133119156787,0.1050360197079016,0.5082641352887864,0.012315122643613537,0.19006136265920404,0.3927707919252787,0.15865919835407807,0.36768059789365687,-0.15748131639569535,0.38966789424271686,0.781718296860454,0.781718296860454,0.6110085842776162,-0.21381757212375685,-0.2572882756387387,-0.18848497546406154,0.18879134262346958,0.7559481828180143,0.7014202299413627,0.5763752353611251,0.5809871503970183,0.3923150378332212,0.42798187752037864,0.19074992501236288,-0.012278842650724743,0.2734920939339436,-0.04628800085592351,-0.08196777619998917,1.0,-0.2764723706126908,0.3500915352039509,0.41337095677832947,0.38380843355966177,0.27128767360882994,0.2546014381252254,-0.19249427039397024,-0.28346283654412097,0.7533926438309355
pitch_ERAplus,0.019232787603500306,-0.27837085488593466,-0.1442841292636511,-0.1948239973613026,0.0028204653968545088,-0.091871422499453,-0.04501825293403926,-0.19445975083293401,-0.1441491425073316,-0.02677807560322364,-0.06935809200538853,-0.0886199100507294,-0.19621469789071408,-0.01163444426073316,-0.00871552211460587,-0.14130366521121532,0.02977312032675514,-0.15919688313541527,-0.1814118837271143,-0.14762860744922,-0.17106412072219213,-0.3448405622971491,-0.14510280322390995,-0.0662457578176798,0.06772604944636182,0.06058949371388952,-0.1519168455460076,0.05163488291385257,-0.0681232771669961,-0.30772241384648924,-0.15582696950958816,-0.609882728119433,0.43541917479947734,-0.44412962976220666,0.46878165137126654,-0.6434668644491636,0.0028204653968545088,0.0028204653968545088,-0.1538304785496634,0.21916884785774043,0.3715155602327721,0.2060957688103533,0.11712662977549113,0.09737343672140872,-0.48627091626726804,-0.6137591331803901,-0.6417311886913115,-0.3386846810112426,-0.2522158668539793,0.03467888733011255,0.2592421980773691,-0.17039879338405883,-0.09205319387718187,-0.12497978919808735,-0.2764723706126908,1.0,-0.42181735105850465,-0.521481844875466,-0.5231814822828323,-0.3280512566147943,-0.2745444783195186,0.2518894316752112,0.31169037476517597,-0.2031294267261137
pitch_FIP,-0.45486393692151966,-0.037105038393413226,0.18403898577754602,0.6222289785045546,-0.08797397472190535,0.22466135560323353,0.0685964055843849,0.5977992276297007,0.384254354814543,0.2022334813403409,0.0639584724368314,0.4272037103843482,0.5912772642607454,0.15235401054293363,0.12956895759074644,0.36909926049108216,-0.3496165528834805,0.46304589030914645,0.5298183377576877,0.5818145746815635,0.5975584673062849,0.1561050344559083,0.5129186828606234,0.08154126239926077,-0.004715687675905057,-0.0493315819799596,0.3552999059279343,-0.0036106314125228123,0.16331462723332582,-0.0026090591299957047,0.21127535979023285,0.8021167379468297,-0.1958789662259859,0.13850954855098477,-0.17523130257825006,0.8191182819186471,-0.08797397472190535,-0.08797397472190535,-0.026201161946189256,-0.03592969150740728,-0.5854690419537584,-0.1617449879050079,-0.07454752089402598,-0.19604250410533705,0.5551088253544156,0.7860214703303684,0.7974420866919417,0.7468095929541266,0.6127428350423528,0.00616283816810195,-0.6551428103466215,0.23308613130969327,0.05951411836739946,-0.14295526502853395,0.3500915352039509,-0.42181735105850465,1.0,0.7971588562819234,0.6339482988265615,0.7583092855288202,0.6317946121972566,-0.6510608264775781,-0.800550533175764,0.3874872606114037
pitch_WHIP,-0.5515584833857101,0.00337501111690911,0.20836739703728993,0.6171559237744227,-0.1606560507327759,0.19393286834911755,0.02159244115484381,0.5754255101574577,0.4232447380177975,0.1939635216747064,0.05701629302789858,0.3442930962273882,0.5742924352464428,0.09708524045369127,0.1691068176142432,0.4024392578010235,-0.4248804424591016,0.54306358744962,0.5985025807143204,0.5682149611106216,0.6159744157200567,0.19974065222578327,0.481882225276139,0.23858497566742243,-0.1474337701868559,-0.0006563453359716754,0.3611915336814022,0.0864281286054695,0.2023475672384474,-0.0057373703964238,0.14941816539959227,0.891443344127974,-0.32885987221040736,0.22459966348641613,-0.2873707124391467,0.8894755140892591,-0.1606560507327759,-0.1606560507327759,-0.06225378429739458,-0.04530814075882654,-0.6292844829325879,-0.1666151267631629,-0.09946765188090373,-0.2677561848927638,0.7466884335439684,0.8578537842376054,0.8506925849679899,0.41148015545938305,0.674469564886426,0.10943764042003282,-0.6042905551005254,0.052820059807690625,0.11729651420523472,-0.06283458775538622,0.41337095677832947,-0.521481844875466,0.7971588562819234,1.0,0.8596268701085626,0.4329397668904098,0.7102768450669737,-0.5812895639843072,-0.8010745412473464,0.621954599948414
pitch_H9,-0.42689200406721295,0.021054832890233875,0.16699002917856218,0.5513775580886021,-0.09998840893918244,0.18484450069245742,0.08988179734432349,0.5241518092116962,0.44291484752568544,0.22275172779180902,0.026509475092263233,0.3104089959286494,0.5241650508185924,0.07560821309274958,0.11800112344236599,0.2816528964703953,-0.40661545068408556,0.5277454227864261,0.5162450751580349,0.5254644315788835,0.5547778545781077,0.2151599083208728,0.47400817144938273,0.31120686775664463,-0.12378230177992647,-0.12628072917083452,0.31635126203004466,0.014457462228130538,0.1366026960119657,-0.001996843872173536,0.19231051116607617,0.8459220833966351,-0.2851410365629736,0.22275775364389178,-0.2656701103317521,0.8435294884327149,-0.09998840893918244,-0.09998840893918244,-0.025536029814188906,-0.046817818144259546,-0.5778633143813071,-0.1621042648272915,-0.05922155696050098,-0.2023622356745349,0.9099537735306444,0.8259851026520655,0.8190434310853965,0.4085705433532465,0.2205156524947223,-0.023892901957182303,-0.6206889405678042,0.041643617591873884,0.050742547212326565,-0.14232889088637968,0.38380843355966177,-0.5231814822828323,0.6339482988265615,0.8596268701085626,1.0,0.4196655462201187,0.25527956887548114,-0.6155906228428839,-0.5057207029778015,0.44769785429242837
pitch_HR9,-0.12676229484616267,0.013288190460543107,0.1909669221476838,0.4359688061728711,0.05335652692171038,0.19373884527424096,0.14258719186183605,0.44602529218844444,0.2707083184027035,0.15832293364176897,0.012313792229358484,0.4489775814506001,0.44168661474398124,0.12559153650807664,0.03761326069763431,0.18236975806345918,-0.10467071292000595,0.26812012104948046,0.2878330912099663,0.46944716147499566,0.42602561880573975,0.08743014006189076,0.4504313741869283,0.0031688822489069233,0.0827561826064687,-0.16993555191804166,0.2151444828622958,-0.17660862058847016,0.008796114005716104,0.1264433619832789,0.2160596960409535,0.6015067819597597,-0.12084885204388361,0.15820105700857895,-0.154903945301579,0.6310813978081575,0.05335652692171038,0.05335652692171038,0.10379812326875529,-0.10211851089842422,-0.4773022099119849,-0.2001085098299347,-0.054872816510646266,-0.03849144581008986,0.4038724119622217,0.6165823834971881,0.6423213891077333,0.9683016535721628,0.2421933197961844,-0.1710076030737191,-0.2252745154194163,0.26167116135415686,0.03616272142444244,-0.08842611641031929,0.27128767360882994,-0.3280512566147943,0.7583092855288202,0.4329397668904098,0.4196655462201187,1.0,0.23607409236400315,-0.2284481295278371,-0.2963190907305786,0.06813152660264837
pitch_BB9,-0.4557686721034428,-0.010718086624541873,0.1697133088671894,0.4103363559908227,-0.16705511965978428,0.11409177366207933,-0.08463804919027523,0.36852690118415277,0.1892897070189245,0.06005527342378713,0.05200728832774674,0.22011936842009056,0.3648602392287931,0.07691850766110667,0.15998533341629864,0.38195254239303383,-0.24153833681653913,0.3001251407051461,0.42511936817407264,0.34597892556191756,0.3993650798576906,0.0853719681707777,0.25370957510172315,0.0412641621164046,-0.11562528632587439,0.17313135738823043,0.2495057793054027,0.13602259407989248,0.1941411957668124,0.0022484906052452004,0.014778389184693475,0.5264412787869859,-0.2383621613828237,0.12692148064350856,-0.18722605778158902,0.5225993002015007,-0.16705511965978428,-0.16705511965978428,-0.08436786204925976,-0.019436911101752746,-0.3898474436534501,-0.08746540586368573,-0.11023022230899746,-0.227773739561315,0.16125124648744354,0.49001599139048946,0.48276955698090185,0.21047864353743992,0.9739262060882165,0.25170138085086796,-0.2841923749888953,0.044033909272677606,0.16657899035325066,0.08844729327393844,0.2546014381252254,-0.2745444783195186,0.6317946121972566,0.7102768450669737,0.25527956887548114,0.23607409236400315,1.0,-0.24788937000116507,-0.8168153360712107,0.5572476097649626
pitch_SO9,0.517953216232539,0.1858626096844802,-0.08592454320914479,-0.4279445217986708,0.12167292933557233,-0.11363582716109877,-0.014977633396756406,-0.3965465603515391,-0.3067217783291235,-0.1432972315204692,-0.09907081528535679,-0.17034323708372698,-0.39175836369439465,-0.11194856843557267,-0.15828970343956258,-0.19977810229158216,0.5095768609445546,-0.3962644153927925,-0.3900266535105593,-0.3636325584092454,-0.3971804234317774,-0.1401805608797707,-0.30782932008685526,-0.105118499457895,0.03391692035902521,-0.05201821781145696,-0.27885816930350366,-0.15661961358370377,-0.1267711890241996,0.2515966200804505,-0.18475998132122232,-0.5025077578244361,0.02395050514323909,0.060074588238660465,-0.02591291018064221,-0.4984934133054871,0.12167292933557233,0.12167292933557233,0.1411931460326957,-0.09824798660322707,0.329475648900156,-0.020036421498296215,-0.037211019346519346,0.18232125844949004,-0.5443832327595333,-0.4774140907141659,-0.4696766402376872,-0.2101286941089007,-0.2186171022713715,-0.0665714845695987,0.9746581261935865,-0.01695317466553322,-0.009072716131513935,0.25056581421277013,-0.19249427039397024,0.2518894316752112,-0.6510608264775781,-0.5812895639843072,-0.6155906228428839,-0.2284481295278371,-0.24788937000116507,1.0,0.7394690438140202,-0.29927793465483815
pitch_SOW,0.6006404246472216,0.11647499249227454,-0.1606462327384656,-0.509013273182339,0.17934553661713076,-0.13473131907678446,0.04465696171349098,-0.46394064130299717,-0.3049438286366715,-0.13792818240503077,-0.10800517174752317,-0.23444869016284195,-0.4586818825804435,-0.14061527441039923,-0.2145919681783595,-0.34375295481033796,0.4648238552325864,-0.42894996767306975,-0.494631590740576,-0.4371672768874252,-0.487979023537642,-0.12144359180709491,-0.3457218073678978,-0.07272777587890186,0.08780592090038918,-0.15510598097970296,-0.3227088668116693,-0.1919343064560054,-0.19251658477106104,0.14142262100044597,-0.11771244284106146,-0.6270543221213479,0.16228193593269394,-0.041415786247236436,0.0996915034329596,-0.6244330694989827,0.17934553661713076,0.17934553661713076,0.1373397958327058,-0.04505090948395997,0.4601388201128171,0.04659121172328764,0.04221791210096595,0.25324368467429276,-0.4045669788799619,-0.5893474688943153,-0.5827835665577817,-0.2648845929831028,-0.7896865718835482,-0.20102695846361637,0.749853159319311,-0.06575809537964375,-0.11576507457818266,0.07331643147198058,-0.28346283654412097,0.31169037476517597,-0.800550533175764,-0.8010745412473464,-0.5057207029778015,-0.2963190907305786,-0.8168153360712107,0.7394690438140202,1.0,-0.561867173929346
pitch_LOB,-0.24136558720717996,-0.07121348292494352,0.19668859334014052,0.22881589003258737,0.36607836490134504,0.493034694870945,0.41289999596030447,0.3137507657346692,0.34728864238520796,0.23128143758975803,0.03748288937573381,0.13583541411557712,0.3137523309400023,0.024390910879087166,0.026963918594537305,0.30006679526270963,-0.12483410460027293,0.19934469990954454,0.25672836863904575,0.17594946987943685,0.22086880011760984,0.0017999943948596225,0.3182452902998892,0.21039507258999385,-0.017051957442211375,0.1508986534899749,0.1793157683431725,0.23819467760926763,0.39183643751360153,-0.11237612797815116,0.06818670945810017,0.35747956960315913,-0.01439756656376453,0.2627480752028819,-0.17004867014089028,0.3594778100423281,0.36607836490134504,0.36607836490134504,0.31432738024004103,-0.1398693548724515,-0.2787049069209374,-0.11572008880982886,0.20177368721110178,0.342384271408905,0.5907348402073761,0.44355489237108964,0.4493687589087283,0.12146223228984333,0.6537338157149147,0.27818906458674475,-0.2040413039326562,0.17044230521033363,0.030905694855758083,-0.10798602664041043,0.7533926438309355,-0.2031294267261137,0.3874872606114037,0.621954599948414,0.44769785429242837,0.06813152660264837,0.5572476097649626,-0.29927793465483815,-0.561867173929346,1.0
