year,Tm,playoff_wins,world_series_ind,round,hit_numBat,hit_BatAge,hit_RG,hit_G,hit_PA,hit_AB,hit_R_scored,hit_H,hit_2B,hit_3B,hit_HR,hit_RBI,hit_SB,hit_CS,hit_BB,hit_SO,hit_BA,hit_OBP,hit_SLG,hit_OPS,hit_OPS+,hit_TB,hit_GDP,hit_HBP,hit_SH,hit_SF,hit_IBB,hit_LOB,pitch_numP,pitch_PAge,pitch_RAG,pitch_W,pitch_L,pitch_WL,pitch_ERA,pitch_G,pitch_GS,pitch_GF,pitch_CG,pitch_tSho,pitch_cSho,pitch_SV,pitch_IP,pitch_H,pitch_R_allowed,pitch_ER,pitch_HR,pitch_BB,pitch_IBB,pitch_SO,pitch_HBP,pitch_BK,pitch_WP,pitch_BF,pitch_ERAplus,pitch_FIP,pitch_WHIP,pitch_H9,pitch_HR9,pitch_BB9,pitch_SO9,pitch_SOW,pitch_LOB
1995,ATL,11,1,wsw,40,27.9,4.48,144,5464,4814,645,1202,210,27,168,618,73,43,520,933,0.25,0.326,0.409,0.735,91,1970,106,40,56,34,37,988,20,27.4,3.75,90,54,0.625,3.44,144,144,126,18,11,6,34,1291.2,1184,540,494,107,436,46,1087,32,4,38,5410,123,3.58,1.254,8.2,0.7,3,7.6,2.49,995
1995,BOS,0,0,ds,53,28.6,5.49,144,5716,4997,791,1399,286,31,175,754,99,44,560,923,0.28,0.357,0.455,0.812,108,2272,129,65,45,49,38,1084,26,29.1,4.85,86,58,0.597,4.39,144,144,137,7,9,2,39,1292.2,1338,698,631,127,476,28,888,46,1,57,5600,111,4.22,1.403,9.3,0.9,3.3,6.2,1.87,1024
1995,CIN,3,0,cs,47,28.4,5.19,144,5575,4903,747,1326,277,35,161,694,190,68,519,946,0.27,0.342,0.44,0.782,106,2156,92,40,62,50,42,1001,24,28.3,4.33,85,59,0.59,4.03,144,144,136,8,10,2,38,1289.1,1270,623,578,131,424,32,903,31,10,58,5445,102,4.08,1.314,8.9,0.9,3,6.3,2.13,954
1995,CLE,9,0,wsl,41,29.1,5.83,144,5686,5028,840,1461,279,23,207,803,132,53,542,766,0.291,0.361,0.479,0.839,116,2407,128,35,31,48,40,1018,20,30.6,4.22,100,44,0.694,3.83,144,144,134,10,10,4,50,1301,1261,607,554,135,445,16,926,45,5,48,5512,123,4.16,1.311,8.7,0.9,3.1,6.4,2.08,1002
1995,COL,1,0,ds,41,29.5,5.45,144,5647,4994,785,1406,259,43,200,749,125,59,484,943,0.282,0.35,0.471,0.82,94,2351,118,56,82,31,47,1017,20,28.6,5.44,77,67,0.535,4.97,144,144,143,1,1,0,43,1288.1,1443,783,711,160,512,31,891,41,13,62,5706,108,4.62,1.517,10.1,1.1,3.6,6.2,1.74,1058
1995,LAD,0,0,ds,49,27.3,4.4,144,5544,4942,634,1303,191,31,140,593,127,45,468,1023,0.264,0.329,0.4,0.729,99,1976,99,30,68,35,46,1049,21,27.7,4.23,78,66,0.542,3.66,144,144,128,16,11,9,37,1295,1188,609,526,125,462,45,1060,37,12,49,5481,103,3.88,1.274,8.3,0.9,3.2,7.4,2.29,987
1995,NYY,2,0,ds,42,30.9,5.17,145,5699,4947,749,1365,280,34,122,709,50,30,625,851,0.276,0.357,0.42,0.778,103,2079,139,39,20,68,36,1126,20,28.1,4.74,79,65,0.549,4.56,145,145,127,18,5,3,35,1284.2,1286,688,651,159,535,21,908,32,5,50,5575,102,4.62,1.417,9,1.1,3.7,6.4,1.7,1033
1995,SEA,5,0,cs,46,28.7,5.49,145,5671,4996,796,1377,276,20,182,767,110,41,549,871,0.276,0.35,0.448,0.798,106,2239,109,39,52,34,53,1033,24,28.8,4.88,79,66,0.545,4.5,145,145,136,9,8,3,39,1289.1,1343,708,644,149,591,37,1068,47,7,50,5743,106,4.43,1.5,9.4,1,4.1,7.5,1.81,1167
1996,ATL,9,0,wsl,42,27.9,4.77,162,6293,5614,773,1514,264,28,197,735,83,43,530,1032,0.27,0.333,0.432,0.765,96,2425,144,27,69,50,41,1154,18,27.9,4,96,66,0.593,3.52,162,162,148,14,9,3,46,1469,1372,648,575,120,451,64,1245,19,5,49,6132,125,3.5,1.241,8.4,0.7,2.8,7.6,2.76,1077
1996,BAL,4,0,cs,45,31.1,5.82,163,6494,5689,949,1557,299,29,257,914,76,40,645,915,0.274,0.35,0.472,0.822,106,2685,134,61,31,67,49,1154,23,28.9,5.54,88,74,0.543,5.14,163,163,150,13,1,1,44,1468.2,1604,903,839,209,597,35,1047,38,5,38,6460,96,4.89,1.499,9.8,1.3,3.7,6.4,1.75,1151
1996,CLE,1,0,ds,44,29.7,5.91,161,6486,5681,952,1665,335,23,218,904,160,50,671,844,0.293,0.369,0.475,0.844,113,2700,164,43,34,57,44,1224,18,30.3,4.78,99,62,0.615,4.34,161,161,148,13,9,3,46,1452.1,1530,769,700,173,484,42,1033,39,3,49,6245,112,4.38,1.387,9.5,1.1,3,6.4,2.13,1119
1996,LAD,0,0,ds,40,27.9,4.34,162,6185,5538,703,1396,215,33,150,661,124,40,516,1190,0.252,0.316,0.384,0.701,90,2127,112,22,74,35,59,1113,15,28.2,4.02,90,72,0.556,3.46,162,162,156,6,9,4,50,1466.1,1378,652,564,125,534,66,1212,39,22,39,6223,112,3.8,1.304,8.5,0.8,3.3,7.4,2.27,1172
1996,NYY,11,1,wsw,48,30,5.38,162,6414,5628,871,1621,293,28,162,830,96,46,632,909,0.288,0.36,0.436,0.796,100,2456,153,41,41,72,56,1258,24,29.3,4.86,92,70,0.568,4.65,162,162,156,6,9,2,52,1440,1469,787,744,143,610,35,1139,49,5,55,6289,108,4.25,1.444,9.2,0.9,3.8,7.1,1.87,1182
1996,SDP,0,0,ds,43,30.8,4.76,162,6419,5655,771,1499,285,24,147,718,109,55,601,1014,0.265,0.338,0.402,0.74,100,2273,146,50,59,52,62,1209,19,28.7,4.21,91,71,0.562,3.72,162,162,157,5,11,1,47,1489,1395,682,616,138,506,47,1194,45,10,59,6292,107,3.88,1.277,8.4,0.8,3.1,7.2,2.36,1143
1996,STL,5,0,cs,38,30.7,4.69,162,6177,5502,759,1468,281,31,142,711,149,58,495,1089,0.267,0.33,0.407,0.736,94,2237,121,44,88,48,59,1087,18,30.9,4.36,88,74,0.543,3.97,162,162,149,13,11,5,43,1452.1,1380,706,641,173,539,43,1050,35,6,44,6184,106,4.46,1.321,8.6,1.1,3.3,6.5,1.95,1121
1996,TEX,1,0,ds,39,29.5,5.69,163,6494,5702,928,1622,323,32,221,890,83,26,660,1041,0.284,0.358,0.469,0.827,103,2672,128,31,32,69,51,1253,17,30.5,4.9,90,72,0.556,4.65,163,163,144,19,6,5,43,1449.1,1569,799,749,168,582,44,976,43,9,38,6358,113,4.63,1.484,9.7,1,3.6,6.1,1.68,1211
1997,ATL,5,0,cs,38,27.9,4.88,162,6315,5528,791,1490,268,37,174,755,108,58,597,1160,0.27,0.343,0.426,0.769,99,2354,143,52,83,52,45,1177,17,28.5,3.59,101,61,0.623,3.18,162,162,141,21,17,10,37,1465.2,1319,581,518,111,450,56,1196,31,4,38,6057,131,3.45,1.207,8.1,0.7,2.8,7.3,2.66,1079
1997,BAL,5,0,cs,39,31.6,5.01,162,6340,5584,812,1498,264,22,196,780,63,26,586,952,0.268,0.341,0.429,0.77,103,2394,121,65,46,59,44,1198,17,30.7,4.2,98,64,0.605,3.91,162,162,154,8,10,4,59,1461,1404,681,635,164,563,31,1139,30,4,43,6219,113,4.23,1.346,8.6,1,3.5,7,2.02,1155
1997,CLE,10,0,wsl,46,30.2,5.39,161,6304,5556,868,1589,301,22,220,810,118,59,617,955,0.286,0.358,0.467,0.825,111,2594,152,37,45,49,39,1181,21,29.7,5.06,86,75,0.534,4.73,161,161,157,4,3,1,39,1425.2,1528,815,749,181,575,53,1036,51,3,59,6260,99,4.62,1.475,9.6,1.1,3.6,6.5,1.8,1168
1997,HOU,0,0,ds,41,28.8,4.8,162,6363,5502,777,1427,314,40,133,720,171,74,633,1085,0.259,0.344,0.403,0.747,99,2220,104,100,74,53,63,1221,18,27,4.07,84,78,0.519,3.66,162,162,146,16,12,7,37,1459,1379,660,594,134,511,25,1138,52,9,46,6166,109,3.9,1.295,8.5,0.8,3.2,7,2.23,1129
1997,NYY,2,0,ds,41,30.5,5.5,162,6527,5710,891,1636,325,23,161,846,99,58,676,954,0.287,0.362,0.436,0.798,108,2490,138,37,34,70,51,1276,18,29.6,4.25,96,66,0.593,3.84,162,162,151,11,10,3,51,1467.2,1463,688,626,144,532,41,1165,45,10,62,6279,117,3.98,1.359,9,0.9,3.3,7.1,2.19,1188
1997,SEA,1,0,ds,47,29.3,5.71,162,6385,5614,925,1574,312,21,264,890,89,40,626,1110,0.28,0.355,0.485,0.839,119,2720,146,49,46,49,53,1149,24,30.4,5.14,90,72,0.556,4.78,162,162,153,9,8,3,38,1447.2,1500,833,769,192,598,36,1207,66,5,57,6368,94,4.54,1.449,9.3,1.2,3.7,7.5,2.02,1192
1997,SFG,0,0,ds,42,29.5,4.84,162,6296,5485,784,1415,266,37,172,746,121,49,642,1120,0.258,0.337,0.414,0.751,98,2271,111,46,64,59,72,1199,23,28.9,4.9,90,72,0.556,4.39,162,162,157,5,9,3,45,1446,1494,793,706,160,578,57,1044,39,10,48,6284,94,4.38,1.433,9.3,1,3.6,6.5,1.81,1153
1998,ATL,5,0,cs,42,28.9,5.1,162,6217,5484,826,1489,297,26,215,794,98,43,548,1062,0.272,0.342,0.453,0.795,107,2483,104,61,76,46,37,1148,19,29.5,3.59,106,56,0.654,3.25,162,162,138,24,23,14,45,1438.2,1291,581,520,117,467,37,1232,35,3,51,5967,128,3.53,1.222,8.1,0.7,2.9,7.7,2.64,1070
1998,BOS,1,0,ds,47,28.8,5.41,162,6302,5601,876,1568,338,35,205,827,72,39,541,1049,0.28,0.348,0.463,0.81,107,2591,144,70,35,52,32,1150,23,29.5,4.5,92,70,0.568,4.18,162,162,157,5,8,2,53,1436,1406,729,667,168,504,33,1025,53,2,62,6141,113,4.4,1.33,8.8,1.1,3.2,6.4,2.03,1104
1998,CHC,0,0,ds,47,30.1,5.1,163,6394,5649,831,1494,250,34,212,788,65,44,601,1223,0.264,0.337,0.433,0.771,99,2448,123,39,67,37,51,1162,24,28.8,4.86,90,73,0.552,4.47,163,163,156,7,7,5,56,1477.1,1528,792,733,180,575,48,1207,48,14,48,6472,98,4.35,1.424,9.3,1.1,3.5,7.4,2.1,1248
1998,CLE,5,0,cs,48,29.5,5.25,162,6376,5616,850,1530,334,30,198,811,143,60,630,1061,0.272,0.347,0.448,0.795,103,2518,123,41,30,59,35,1169,23,29.8,4.81,89,73,0.549,4.44,162,162,153,9,4,3,47,1460,1552,779,721,171,563,48,1037,67,5,35,6393,107,4.54,1.449,9.6,1.1,3.5,6.4,1.84,1234
1998,HOU,1,0,ds,38,29.7,5.4,162,6441,5641,874,1578,326,28,166,818,155,51,621,1122,0.28,0.356,0.436,0.792,109,2458,146,72,58,49,52,1217,18,27.8,3.83,102,60,0.63,3.5,162,162,150,12,11,7,44,1471.1,1435,620,572,147,465,25,1187,42,5,50,6214,118,3.86,1.291,8.8,0.9,2.8,7.3,2.55,1180
1998,NYY,11,1,wsw,38,30.4,5.96,162,6444,5643,965,1625,290,31,207,907,153,63,653,1025,0.288,0.364,0.46,0.825,116,2598,145,57,32,59,34,1203,19,30.2,4.05,114,48,0.704,3.82,162,162,140,22,16,8,48,1456.2,1357,656,619,156,466,25,1080,68,5,37,6100,116,4.15,1.251,8.4,1,2.9,6.7,2.32,1074
1998,SDP,7,0,wsl,42,31.2,4.62,162,6245,5490,749,1390,292,30,167,715,79,37,604,1072,0.253,0.33,0.409,0.739,100,2243,112,48,56,45,40,1179,21,29.8,3.92,98,64,0.605,3.63,162,162,148,14,11,5,59,1454.2,1384,635,587,139,501,45,1217,49,6,63,6151,108,3.84,1.296,8.6,0.9,3.1,7.5,2.43,1152
1998,TEX,0,0,ds,42,29.9,5.8,162,6401,5672,940,1637,314,32,201,894,82,47,595,1045,0.289,0.357,0.462,0.819,108,2618,137,39,41,54,27,1184,21,29.9,5.38,88,74,0.543,4.99,162,162,152,10,8,4,46,1431.1,1624,871,794,164,519,32,994,45,2,62,6357,96,4.42,1.497,10.2,1,3.3,6.3,1.92,1192
1999,ARI,1,0,ds,43,30,5.6,162,6415,5658,908,1566,289,46,216,865,137,39,588,1045,0.277,0.347,0.459,0.805,101,2595,94,48,61,60,52,1169,20,30.6,4.17,100,62,0.617,3.77,162,162,146,16,9,4,42,1467.1,1387,676,615,176,543,48,1198,49,10,39,6233,122,4.27,1.315,8.5,1.1,3.3,7.3,2.21,1155
1999,ATL,7,0,wsl,44,29.6,5.19,162,6351,5569,840,1481,309,23,197,791,148,66,608,962,0.266,0.341,0.436,0.777,96,2427,120,53,74,47,62,1155,22,28.6,4.08,103,59,0.636,3.63,162,162,153,9,9,1,45,1471,1398,661,593,142,507,55,1197,26,3,34,6218,123,3.85,1.295,8.6,0.9,3.1,7.3,2.36,1144
1999,BOS,4,0,cs,48,28.9,5.16,162,6321,5579,836,1551,334,42,176,808,67,39,597,928,0.278,0.35,0.448,0.798,99,2497,131,55,34,56,27,1213,25,30.1,4.43,94,68,0.58,4,162,162,156,6,12,1,50,1436.2,1396,718,638,160,469,25,1131,55,0,28,6120,126,4.1,1.298,8.7,1,2.9,7.1,2.41,1092
1999,CLE,2,0,ds,51,29.1,6.23,162,6554,5634,1009,1629,309,32,209,960,147,50,743,1099,0.289,0.373,0.467,0.84,111,2629,136,55,54,67,41,1234,25,30.6,5.31,97,65,0.599,4.89,162,162,159,3,6,1,46,1450.1,1503,860,788,197,634,55,1120,54,3,54,6374,102,4.78,1.473,9.3,1.2,3.9,7,1.77,1163
1999,HOU,1,0,ds,38,29.8,5.08,162,6403,5485,823,1463,293,23,168,784,166,75,728,1138,0.267,0.355,0.42,0.775,97,2306,127,52,79,58,57,1252,15,27.4,4.17,97,65,0.599,3.83,162,162,150,12,8,5,48,1458.2,1485,675,620,128,478,17,1204,40,0,54,6199,117,3.69,1.346,9.2,0.8,2.9,7.4,2.52,1148
1999,NYM,5,0,cs,45,30.1,5.23,163,6454,5572,853,1553,297,14,181,814,150,61,717,994,0.279,0.363,0.434,0.797,104,2421,149,48,63,54,53,1267,23,32.7,4.36,97,66,0.595,4.27,163,163,158,5,7,3,49,1456.2,1372,711,691,167,617,53,1172,52,4,38,6232,104,4.39,1.365,8.5,1,3.8,7.2,1.9,1151
1999,NYY,11,1,wsw,39,30.9,5.56,162,6416,5568,900,1568,302,36,193,855,104,57,718,978,0.282,0.366,0.453,0.819,110,2521,137,55,22,53,47,1244,18,31.2,4.51,98,64,0.605,4.13,162,162,156,6,10,4,50,1439.2,1402,731,661,158,581,27,1111,57,4,49,6233,113,4.35,1.377,8.8,1,3.6,6.9,1.91,1183
1999,TEX,0,0,ds,38,30.6,5.83,162,6389,5651,945,1653,304,29,230,897,111,54,611,937,0.293,0.361,0.479,0.84,109,2705,147,29,35,62,41,1176,20,30.1,5.3,95,67,0.586,5.07,162,162,156,6,9,2,47,1436.1,1626,859,809,186,509,23,979,40,2,50,6313,100,4.6,1.486,10.2,1.2,3.2,6.1,1.92,1145
2000,ATL,0,0,ds,47,30.8,5,162,6275,5489,810,1490,274,26,179,758,148,56,595,1010,0.271,0.346,0.429,0.775,95,2353,127,59,87,45,38,1192,22,31.4,4.41,95,67,0.586,4.05,162,162,149,13,9,6,53,1440.1,1428,714,648,165,484,52,1093,37,6,23,6165,114,4.19,1.327,8.9,1,3,6.8,2.26,1130
2000,CHW,0,0,ds,42,27.5,6.04,162,6410,5646,978,1615,325,33,216,926,119,42,591,960,0.286,0.356,0.47,0.826,106,2654,140,53,55,61,28,1127,22,26.5,5.18,95,67,0.586,4.66,162,162,157,5,7,2,43,1450.1,1509,839,751,195,614,27,1037,54,8,43,6337,108,4.83,1.464,9.4,1.2,3.8,6.4,1.69,1147
2000,NYM,8,0,wsl,47,30.4,4.98,162,6328,5486,807,1445,281,20,198,761,66,46,675,1037,0.263,0.346,0.43,0.776,98,2360,122,45,70,51,42,1214,20,31,4.56,94,68,0.58,4.16,162,162,154,8,10,2,49,1450,1398,738,670,164,574,42,1164,60,7,34,6276,107,4.31,1.36,8.7,1,3.6,7.2,2.03,1188
2000,NYY,11,1,wsw,46,31.3,5.41,161,6311,5556,871,1541,294,25,205,833,99,48,631,1007,0.277,0.354,0.45,0.804,103,2500,134,57,16,50,42,1189,22,32,5.06,87,74,0.54,4.76,161,161,152,9,6,2,40,1424.1,1458,814,753,177,577,23,1040,52,6,49,6256,102,4.61,1.429,9.2,1.1,3.6,6.6,1.8,1169
2000,OAK,2,0,ds,44,27.5,5.88,161,6432,5560,947,1501,281,23,239,908,40,15,750,1159,0.27,0.36,0.458,0.817,109,2545,147,52,26,44,32,1210,21,29.5,5.05,91,70,0.565,4.58,161,161,154,7,11,4,43,1435.1,1535,813,730,158,615,57,963,48,1,46,6355,103,4.61,1.498,9.6,1,3.9,6,1.57,1236
2000,SEA,5,0,cs,37,31.2,5.6,162,6444,5497,907,1481,300,26,198,869,122,56,775,1073,0.269,0.361,0.442,0.803,108,2427,129,48,63,61,34,1247,16,29.3,4.81,91,71,0.562,4.49,162,162,158,4,10,4,44,1441.2,1442,780,720,167,634,37,998,38,6,43,6269,101,4.65,1.44,9,1,4,6.2,1.57,1164
2000,SFG,1,0,ds,36,29.9,5.71,162,6418,5519,925,1535,304,44,226,889,79,39,709,1032,0.278,0.362,0.472,0.834,115,2605,131,51,73,66,60,1213,17,28.5,4.61,97,65,0.599,4.21,162,162,153,9,15,4,47,1444.1,1452,747,675,151,623,26,1076,41,4,43,6270,102,4.38,1.437,9,0.9,3.9,6.7,1.73,1190
2000,STL,4,0,cs,46,29.6,5.48,162,6369,5478,887,1481,259,25,235,841,87,51,675,1253,0.27,0.356,0.455,0.812,103,2495,116,84,79,53,33,1214,24,29.3,4.76,95,67,0.586,4.38,162,162,152,10,7,4,37,1433.2,1403,771,698,196,606,28,1100,62,9,49,6200,107,4.77,1.401,8.8,1.2,3.8,6.9,1.82,1128
2001,ARI,11,1,wsw,47,31.9,5.05,162,6349,5595,818,1494,284,35,208,776,71,38,587,1052,0.267,0.341,0.442,0.783,94,2472,105,57,71,36,73,1183,22,30.9,4.18,92,70,0.568,3.87,162,162,150,12,13,5,34,1459.2,1352,677,627,195,461,30,1297,59,6,45,6090,121,4.08,1.242,8.3,1.2,2.8,8,2.81,1034
2001,ATL,4,0,cs,47,30.4,4.5,162,6152,5498,729,1432,263,24,174,696,85,46,493,1039,0.26,0.324,0.412,0.736,87,2265,132,45,64,52,51,1095,23,31.1,3.97,88,74,0.543,3.59,162,162,157,5,13,5,41,1447.1,1363,643,578,153,499,77,1133,33,8,41,6089,124,3.96,1.287,8.5,1,3.1,7,2.27,1104
2001,CLE,2,0,ds,44,31,5.54,162,6357,5600,897,1559,294,37,212,868,79,41,577,1076,0.278,0.35,0.458,0.807,111,2563,126,69,49,62,32,1136,24,29.1,5.07,91,71,0.562,4.64,162,162,159,3,4,0,42,1446.2,1512,821,746,148,573,44,1218,49,11,58,6312,97,3.98,1.441,9.4,0.9,3.6,7.6,2.13,1150
2001,HOU,0,0,ds,45,30.3,5.23,162,6325,5528,847,1500,313,29,208,805,64,49,581,1119,0.271,0.347,0.451,0.798,100,2495,128,89,71,56,52,1151,25,28.4,4.75,93,69,0.574,4.37,162,162,155,7,6,1,48,1454.2,1453,769,707,221,486,22,1228,70,3,42,6236,106,4.48,1.333,9,1.4,3,7.6,2.53,1103
2001,NYY,10,0,wsl,47,31.1,4.99,161,6233,5577,804,1488,289,20,203,774,161,53,519,1035,0.267,0.334,0.435,0.769,100,2426,119,64,30,43,38,1123,20,30.9,4.43,95,65,0.594,4.02,161,161,154,7,9,3,57,1451.1,1429,713,649,158,465,29,1266,55,6,54,6174,112,3.79,1.305,8.9,1,2.9,7.9,2.72,1107
2001,OAK,2,0,ds,42,27.4,5.46,162,6385,5573,884,1469,334,22,199,835,68,29,640,1021,0.264,0.345,0.439,0.784,107,2444,131,88,25,59,57,1171,16,28,3.98,102,60,0.63,3.59,162,162,149,13,9,6,44,1463.1,1384,645,583,153,440,49,1117,46,3,42,6115,122,3.88,1.246,8.5,0.9,2.7,6.9,2.54,1080
2001,SEA,4,0,cs,35,31.3,5.72,162,6474,5680,927,1637,310,38,169,881,174,42,614,989,0.288,0.36,0.445,0.805,117,2530,112,62,48,70,54,1257,15,30.8,3.87,116,46,0.716,3.54,162,162,154,8,14,4,56,1465,1293,627,576,160,465,28,1051,64,1,40,6096,117,4.12,1.2,7.9,1,2.9,6.5,2.26,1074
2001,STL,2,0,ds,40,28.8,5.02,162,6177,5450,814,1469,274,32,199,768,91,35,529,1089,0.27,0.339,0.441,0.78,100,2404,125,65,83,50,51,1095,21,29.3,4.22,93,69,0.574,3.93,162,162,154,8,11,4,38,1435.1,1389,684,627,196,526,36,1083,72,6,45,6121,110,4.57,1.334,8.7,1.2,3.3,6.8,2.06,1131
2002,ANA,11,1,wsw,40,28.5,5.25,162,6327,5678,851,1603,333,32,152,811,117,51,462,805,0.282,0.341,0.433,0.773,105,2456,105,74,49,64,42,1165,18,30.2,3.98,99,63,0.611,3.69,162,162,155,7,14,2,54,1452.1,1345,644,595,169,509,24,999,49,7,52,6097,120,4.25,1.277,8.3,1,3.2,6.2,1.96,1096
2002,ARI,0,0,ds,42,31.7,5.06,162,6318,5508,819,1471,283,41,165,783,92,46,643,1016,0.267,0.346,0.423,0.769,93,2331,130,50,62,53,58,1211,20,31.7,4.16,98,64,0.605,3.92,162,162,148,14,10,5,40,1446.2,1361,674,630,170,421,30,1303,54,11,48,6067,116,3.67,1.232,8.5,1.1,2.6,8.1,3.1,1053
2002,ATL,2,0,ds,38,30.6,4.4,161,6224,5495,708,1428,280,25,164,669,76,39,558,1028,0.26,0.331,0.409,0.741,93,2250,147,54,67,49,68,1185,20,31.1,3.51,101,59,0.631,3.13,161,161,158,3,15,2,57,1467.1,1302,565,511,123,554,63,1058,42,4,40,6131,133,3.83,1.265,8,0.8,3.4,6.5,1.91,1164
2002,MIN,4,0,cs,42,26.8,4.77,161,6196,5582,768,1518,348,36,167,731,79,62,472,1089,0.272,0.332,0.437,0.769,103,2439,121,56,34,52,30,1124,19,28.8,4.42,94,67,0.584,4.12,161,161,153,8,9,5,47,1444.2,1454,712,662,184,439,24,1026,45,3,62,6133,109,4.2,1.31,9.1,1.1,2.7,6.4,2.34,1087
2002,NYY,1,0,ds,38,30,5.57,161,6377,5601,897,1540,314,12,223,857,100,38,640,1171,0.275,0.354,0.455,0.809,114,2547,150,72,23,41,48,1191,17,33.1,4.33,103,58,0.64,3.87,161,161,152,9,11,5,53,1452,1441,697,625,144,403,44,1135,48,2,59,6159,114,3.62,1.27,8.9,0.9,2.5,7,2.82,1106
2002,OAK,2,0,ds,41,28.6,4.94,162,6291,5558,800,1450,279,28,205,772,46,20,609,1008,0.261,0.339,0.432,0.771,106,2400,128,68,20,36,37,1197,17,27.4,4.04,103,59,0.636,3.68,162,162,153,9,19,5,48,1452,1391,654,593,135,474,45,1021,62,9,40,6158,118,3.87,1.284,8.6,0.8,2.9,6.3,2.15,1148
2002,SFG,10,0,wsl,38,32,4.83,162,6298,5497,783,1465,300,35,198,751,74,21,616,961,0.267,0.344,0.442,0.786,110,2429,136,65,68,52,103,1241,17,29.2,3.8,95,66,0.59,3.54,162,162,152,10,13,5,43,1437.1,1349,616,566,116,523,44,992,36,2,36,6056,109,3.8,1.302,8.4,0.7,3.3,6.2,1.9,1128
2002,STL,4,0,cs,44,29,4.86,162,6246,5505,787,1475,285,26,175,758,86,42,542,927,0.268,0.338,0.425,0.763,102,2337,123,67,83,49,77,1160,26,30.2,4,97,65,0.599,3.7,162,162,158,4,9,2,42,1446.1,1355,648,595,141,547,39,1009,60,2,40,6135,109,4.09,1.315,8.4,0.9,3.4,6.3,1.84,1148
2003,ATL,2,0,ds,34,30.3,5.6,162,6378,5670,907,1608,321,31,235,872,68,22,545,933,0.284,0.349,0.475,0.824,112,2696,124,49,65,49,46,1170,17,31.1,4.57,101,61,0.623,4.1,162,162,158,4,7,1,51,1456.1,1425,740,663,147,555,69,992,42,4,53,6247,105,4.21,1.36,8.8,0.9,3.4,6.1,1.79,1138
2003,BOS,6,0,cs,47,29.8,5.93,162,6530,5769,961,1667,371,40,238,932,88,35,620,943,0.289,0.36,0.491,0.851,118,2832,126,53,24,64,61,1224,26,31.2,4.99,95,67,0.586,4.48,162,162,157,5,6,0,36,1464.2,1503,809,729,153,488,41,1141,76,0,44,6355,104,3.99,1.359,9.2,0.9,3,7,2.34,1152
2003,CHC,6,0,cs,42,31.3,4.47,162,6187,5519,724,1431,302,24,172,691,73,31,492,1158,0.259,0.323,0.416,0.739,91,2297,135,50,80,46,40,1114,17,28.2,4.22,88,74,0.543,3.83,162,162,149,13,14,6,36,1456.1,1304,683,619,143,617,36,1404,71,3,63,6227,114,3.8,1.319,8.1,0.9,3.8,8.7,2.28,1175
2003,FLA,11,1,wsw,40,27.7,4.64,162,6186,5490,751,1459,292,44,157,709,150,74,515,978,0.266,0.333,0.421,0.754,97,2310,114,57,82,41,44,1114,22,26.3,4.27,91,71,0.562,4.04,162,162,155,7,11,2,36,1445.1,1415,692,648,128,530,40,1132,40,11,51,6165,105,3.8,1.346,8.8,0.8,3.3,7,2.14,1137
2003,MIN,1,0,ds,42,27.3,4.94,162,6324,5655,801,1567,318,45,155,755,94,44,512,1027,0.277,0.341,0.431,0.772,102,2440,139,63,42,52,36,1166,20,29.7,4.68,90,72,0.556,4.41,162,162,155,7,8,3,45,1462,1526,758,716,187,402,35,997,50,9,62,6246,103,4.26,1.319,9.4,1.2,2.5,6.1,2.48,1102
2003,NYY,9,0,wsl,49,30.5,5.38,163,6431,5605,877,1518,304,14,230,845,98,33,684,1042,0.271,0.356,0.453,0.81,114,2540,154,81,25,35,54,1239,23,33.7,4.39,101,61,0.623,4.02,163,163,155,8,12,3,49,1462,1512,716,653,145,375,36,1119,49,0,33,6209,110,3.66,1.291,9.3,0.9,2.3,6.9,2.98,1107
2003,OAK,0,0,ds,41,28.3,4.74,162,6189,5497,768,1398,317,24,176,742,48,14,556,898,0.254,0.327,0.417,0.743,96,2291,118,59,22,53,52,1130,18,27.4,3.97,96,66,0.593,3.63,162,162,146,16,14,5,48,1441.2,1336,643,582,140,499,42,1018,54,10,41,6078,123,4.03,1.273,8.3,0.9,3.1,6.4,2.04,1110
2003,SFG,1,0,ds,46,32.1,4.69,161,6204,5456,755,1440,281,29,180,713,53,37,593,980,0.264,0.338,0.425,0.763,99,2319,130,40,76,39,79,1188,21,28.6,3.96,100,61,0.621,3.73,161,161,154,7,10,4,43,1437.1,1349,638,595,136,546,34,1006,43,8,68,6090,113,4.09,1.318,8.4,0.9,3.4,6.3,1.84,1140
2004,ANA,0,0,ds,38,28.9,5.16,162,6296,5675,836,1603,272,37,162,783,143,46,450,942,0.282,0.341,0.429,0.77,102,2435,123,73,56,41,43,1133,16,29,4.53,92,70,0.568,4.28,162,162,160,2,11,2,50,1454.1,1476,734,692,170,502,27,1164,44,7,61,6246,104,4.09,1.36,9.1,1.1,3.1,7.2,2.32,1149
2004,ATL,2,0,ds,39,28.9,4.96,162,6339,5570,803,1503,304,37,178,767,86,32,587,1158,0.27,0.343,0.434,0.777,99,2415,123,59,75,48,51,1230,21,30.1,4.12,96,66,0.593,3.74,162,162,158,4,13,1,48,1450,1475,668,603,154,523,50,1025,27,6,36,6218,115,4.15,1.378,9.2,1,3.2,6.4,1.96,1200
2004,BOS,11,1,wsw,50,30.6,5.86,162,6515,5720,949,1613,373,25,222,912,68,30,659,1189,0.282,0.36,0.472,0.832,110,2702,123,69,12,55,39,1257,26,32.5,4.74,98,64,0.605,4.18,162,162,158,4,12,1,36,1451.1,1430,768,674,159,447,28,1132,92,1,39,6222,116,4.03,1.293,8.9,1,2.8,7,2.53,1100
2004,HOU,4,0,cs,42,31.8,4.96,162,6269,5468,803,1458,294,36,187,756,89,30,590,999,0.267,0.342,0.436,0.778,99,2385,128,61,98,52,54,1175,23,29.6,4.31,92,70,0.568,4.05,162,162,160,2,13,2,47,1443,1416,698,650,174,525,61,1282,68,3,45,6201,107,4.07,1.345,8.8,1.1,3.3,8,2.44,1174
2004,LAD,1,0,ds,43,28.9,4.7,162,6244,5542,761,1450,226,30,203,731,102,41,536,1092,0.262,0.332,0.423,0.755,98,2345,121,62,69,35,45,1152,22,29.5,4.22,93,69,0.574,4.01,162,162,160,2,6,2,51,1453.1,1386,684,647,178,521,47,1066,54,2,43,6155,103,4.36,1.312,8.6,1.1,3.2,6.6,2.05,1111
2004,MIN,1,0,ds,42,27.8,4.81,162,6286,5623,780,1494,310,24,191,735,116,46,513,982,0.266,0.332,0.431,0.763,96,2425,130,64,46,40,42,1110,18,28.2,4.41,92,70,0.568,4.03,162,162,158,4,9,4,48,1476,1523,715,661,167,431,27,1123,54,1,45,6269,117,3.98,1.324,9.3,1,2.6,6.8,2.61,1126
2004,NYY,6,0,cs,43,32.3,5.54,162,6364,5527,897,1483,281,20,242,863,84,33,670,982,0.268,0.353,0.458,0.811,111,2530,157,80,37,50,40,1190,23,32.9,4.99,101,61,0.623,4.69,162,162,161,1,5,0,59,1443.2,1532,808,752,182,445,32,1058,60,4,57,6240,96,4.27,1.369,9.6,1.1,2.8,6.6,2.38,1101
2004,STL,7,0,wsl,37,30.6,5.28,162,6297,5555,855,1544,319,24,214,817,111,47,548,1085,0.278,0.344,0.46,0.804,107,2553,121,51,73,70,64,1156,20,30.1,4.07,105,57,0.648,3.75,162,162,158,4,12,2,57,1453.2,1378,659,605,169,440,24,1041,67,4,42,6104,113,4.17,1.251,8.5,1,2.7,6.4,2.37,1084
2005,ATL,1,0,ds,45,28.1,4.75,162,6186,5486,769,1453,308,37,184,733,92,32,534,1084,0.265,0.333,0.435,0.768,99,2387,146,45,75,46,56,1114,26,28.6,4.16,90,72,0.556,3.98,162,162,154,8,12,3,38,1443.2,1487,674,639,145,520,52,929,32,5,42,6186,107,4.19,1.39,9.3,0.9,3.2,5.8,1.79,1181
2005,BOS,0,0,ds,52,31.5,5.62,162,6403,5626,910,1579,339,21,199,863,45,12,653,1044,0.281,0.357,0.454,0.811,111,2557,135,47,14,63,34,1249,26,33.6,4.97,95,67,0.586,4.74,162,162,156,6,8,0,38,1429,1550,805,752,164,440,28,959,89,4,56,6227,96,4.28,1.393,9.8,1,2.8,6,2.18,1135
2005,CHW,11,1,wsw,38,29.3,4.57,162,6146,5529,741,1450,253,23,200,713,137,67,435,1002,0.262,0.322,0.425,0.747,95,2349,122,79,53,49,27,1032,17,29.3,3.98,99,63,0.611,3.61,162,162,153,9,10,4,54,1475.2,1392,645,592,167,459,42,1040,52,9,65,6176,125,4.12,1.254,8.5,1,2.8,6.3,2.27,1104
2005,HOU,7,0,wsl,36,30.2,4.25,163,6139,5462,693,1400,281,32,161,654,115,44,481,1037,0.256,0.322,0.408,0.73,90,2228,116,72,82,42,43,1136,17,30.3,3.74,89,73,0.549,3.51,163,163,157,6,11,2,45,1443,1336,609,563,155,440,29,1164,59,8,38,6023,121,3.84,1.231,8.3,1,2.7,7.3,2.65,1085
2005,LAA,4,0,cs,40,29.7,4.7,162,6186,5624,761,1520,278,30,147,726,161,57,447,848,0.27,0.325,0.409,0.734,96,2299,125,29,43,39,51,1086,18,28.5,3.97,95,67,0.586,3.68,162,162,155,7,11,3,54,1464.1,1419,643,598,158,443,24,1126,48,1,70,6158,116,3.89,1.272,8.7,1,2.7,6.9,2.54,1122
2005,NYY,2,0,ds,51,32.4,5.47,162,6406,5624,886,1552,259,16,229,847,84,27,637,989,0.276,0.355,0.45,0.805,115,2530,125,73,28,43,41,1264,28,34.2,4.87,95,67,0.586,4.52,162,162,154,8,14,4,46,1430.2,1495,789,718,164,463,25,985,84,6,37,6182,94,4.28,1.369,9.4,1,2.9,6.2,2.13,1101
2005,SDP,0,0,ds,46,31,4.22,162,6271,5502,684,1416,269,39,130,655,99,44,600,977,0.257,0.333,0.391,0.724,97,2153,122,49,72,48,41,1220,23,31,4.48,82,80,0.506,4.13,162,162,158,4,8,3,45,1455.1,1452,726,668,146,503,45,1133,46,3,36,6253,94,3.9,1.343,9,0.9,3.1,7,2.25,1161
2005,STL,5,0,cs,40,30.8,4.97,162,6246,5538,805,1494,287,26,170,757,83,36,534,947,0.27,0.339,0.423,0.762,98,2343,127,62,77,35,60,1152,20,29.7,3.91,100,62,0.617,3.49,162,162,147,15,14,7,48,1445.2,1399,634,560,153,443,27,974,60,5,41,6047,122,4.09,1.274,8.7,1,2.8,6.1,2.2,1076
2006,DET,8,0,wsl,40,29.3,5.07,162,6198,5642,822,1548,294,40,203,785,60,40,430,1133,0.274,0.329,0.449,0.777,99,2531,120,45,45,36,27,1068,19,28.8,4.17,95,67,0.586,3.84,162,162,159,3,16,1,46,1448,1420,675,618,160,489,35,1003,53,2,44,6145,118,4.32,1.318,8.8,1,3,6.2,2.05,1126
2006,LAD,0,0,ds,50,29.8,5.06,162,6394,5628,820,1552,307,58,153,787,128,49,601,959,0.276,0.348,0.432,0.781,99,2434,140,51,66,48,61,1223,22,30.4,4.64,88,74,0.543,4.23,162,162,161,1,10,0,40,1460.1,1524,751,686,152,492,40,1068,41,8,54,6289,107,4.13,1.381,9.4,0.9,3,6.6,2.17,1157
2006,MIN,0,0,ds,39,28.3,4.94,162,6228,5602,801,1608,275,34,143,754,101,42,490,872,0.287,0.347,0.425,0.771,101,2380,163,50,31,55,46,1143,17,26.9,4.22,96,66,0.593,3.95,162,162,161,1,6,0,40,1439.1,1490,683,632,182,356,25,1164,36,3,40,6066,114,3.99,1.283,9.3,1.1,2.2,7.3,3.27,1065
2006,NYM,6,0,cs,49,30.1,5.15,162,6291,5558,834,1469,323,41,200,800,146,35,547,1071,0.264,0.334,0.445,0.78,100,2474,114,62,77,47,63,1115,27,32.2,4.51,97,65,0.599,4.14,162,162,157,5,12,3,43,1461.1,1402,731,673,180,527,39,1161,62,5,37,6240,106,4.37,1.32,8.6,1.1,3.2,7.2,2.2,1125
2006,NYY,1,0,ds,49,30.9,5.74,162,6455,5651,930,1608,327,21,210,902,139,35,649,1053,0.285,0.363,0.461,0.824,111,2607,139,72,34,49,43,1253,25,32.5,4.73,97,65,0.599,4.41,162,162,157,5,8,1,43,1443.2,1463,767,708,170,496,41,1019,59,7,46,6215,103,4.42,1.357,9.1,1.1,3.1,6.4,2.05,1117
2006,OAK,3,0,cs,41,29.5,4.76,162,6281,5500,771,1429,266,22,175,735,61,20,650,976,0.26,0.34,0.412,0.752,97,2264,170,50,25,56,28,1187,21,27,4.49,93,69,0.574,4.21,162,162,157,5,11,2,54,1451.2,1525,727,679,162,529,47,1003,55,4,43,6279,106,4.42,1.415,9.5,1,3.3,6.2,1.9,1197
2006,SDP,1,0,ds,46,30.7,4.51,162,6287,5576,731,1465,298,38,161,698,123,31,564,1104,0.263,0.332,0.416,0.749,99,2322,127,40,59,47,37,1188,22,30.6,4.19,88,74,0.543,3.87,162,162,158,4,11,2,50,1463.2,1385,679,629,176,468,63,1097,50,4,34,6175,105,4.27,1.266,8.5,1.1,2.9,6.7,2.34,1105
2006,STL,11,1,wsw,41,29.6,4.85,161,6225,5522,781,1484,292,27,184,745,59,32,531,922,0.269,0.337,0.431,0.769,97,2382,129,61,71,40,70,1158,19,28.6,4.73,83,78,0.516,4.54,161,161,155,6,9,3,38,1429.2,1475,762,721,193,504,35,970,80,3,35,6196,98,4.77,1.384,9.3,1.2,3.2,6.1,1.92,1145
2007,ARI,3,0,cs,47,26.6,4.4,162,6101,5398,712,1350,286,40,171,687,109,24,532,1111,0.25,0.321,0.413,0.734,83,2229,121,57,55,58,38,1090,26,28.2,4.52,90,72,0.556,4.13,162,162,155,7,12,4,51,1441,1446,732,662,169,546,38,1088,61,9,48,6216,115,4.52,1.382,9,1.1,3.4,6.8,1.99,1161
2007,BOS,11,1,wsw,40,30.2,5.35,162,6426,5589,867,1561,352,35,166,829,96,24,689,1042,0.279,0.362,0.444,0.806,107,2481,146,64,30,54,54,1291,20,31.1,4.06,96,66,0.593,3.87,162,162,157,5,13,3,45,1438.2,1350,657,618,151,482,20,1149,62,0,33,6071,123,4.14,1.273,8.4,0.9,3,7.2,2.38,1098
2007,CHC,0,0,ds,47,29.3,4.64,162,6268,5643,752,1530,340,28,151,711,86,33,500,1054,0.271,0.333,0.422,0.754,90,2379,127,40,48,37,48,1190,22,28.4,4.26,85,77,0.525,4.04,162,162,160,2,10,1,39,1446.2,1340,690,650,165,573,46,1211,59,3,42,6186,115,4.36,1.322,8.3,1,3.6,7.5,2.11,1156
2007,CLE,6,0,cs,41,28.1,5.01,162,6367,5604,811,1504,305,27,178,784,72,41,590,1202,0.268,0.343,0.428,0.771,102,2397,114,80,32,59,56,1215,21,29.4,4.35,96,66,0.593,4.05,162,162,153,9,9,4,49,1462.2,1519,704,658,146,410,42,1047,56,2,42,6206,112,4.06,1.319,9.3,0.9,2.5,6.4,2.55,1114
2007,COL,7,0,wsl,53,27.9,5.28,163,6498,5691,860,1591,313,36,171,823,100,31,622,1152,0.28,0.354,0.437,0.791,98,2489,140,58,83,44,51,1251,30,28.1,4.65,90,73,0.552,4.32,163,163,159,4,7,1,39,1472,1497,758,706,164,504,61,967,59,8,35,6293,112,4.52,1.359,9.2,1,3.1,5.9,1.92,1119
2007,LAA,0,0,ds,42,28.6,5.07,162,6198,5554,822,1578,324,23,123,776,139,55,507,883,0.284,0.345,0.417,0.762,99,2317,146,40,32,65,55,1100,18,28.4,4.51,94,68,0.58,4.23,162,162,157,5,9,3,43,1435,1480,731,674,151,477,22,1156,51,5,69,6161,107,4.1,1.364,9.3,0.9,3,7.3,2.42,1125
2007,NYY,1,0,ds,49,30.7,5.98,162,6528,5717,968,1656,326,32,201,929,123,40,637,991,0.29,0.366,0.463,0.829,116,2649,138,78,41,54,32,1249,28,31.4,4.8,94,68,0.58,4.49,162,162,161,1,5,0,34,1450.2,1498,777,724,150,578,33,1009,60,6,59,6308,101,4.51,1.431,9.3,0.9,3.6,6.3,1.75,1179
2007,PHI,0,0,ds,46,28.8,5.51,162,6537,5688,892,1558,326,41,213,850,138,19,641,1205,0.274,0.354,0.458,0.812,105,2605,125,90,65,52,74,1295,28,30.6,5.07,89,73,0.549,4.73,162,162,157,5,5,2,42,1458.1,1555,821,767,198,558,62,1050,72,3,46,6385,97,4.86,1.449,9.6,1.2,3.4,6.5,1.88,1189
2008,BOS,6,0,cs,47,29.7,5.22,162,6402,5596,845,1565,353,33,173,807,120,35,646,1068,0.28,0.358,0.447,0.805,107,2503,147,70,28,62,49,1262,23,29.2,4.28,95,67,0.586,4.01,162,162,157,5,16,2,47,1446.1,1369,694,645,147,548,17,1185,68,2,43,6180,116,4.09,1.325,8.5,0.9,3.4,7.4,2.16,1147
2008,CHC,0,0,ds,42,30,5.31,161,6384,5588,855,1552,329,21,184,811,87,34,636,1186,0.278,0.354,0.443,0.797,103,2475,134,50,65,45,48,1237,23,28.9,4.17,97,64,0.602,3.87,161,161,159,2,8,1,44,1450.2,1329,671,624,160,548,45,1264,65,7,48,6194,118,4.09,1.294,8.2,1,3.4,7.8,2.31,1171
2008,CHW,1,0,ds,39,30.4,4.98,163,6231,5553,811,1458,296,13,235,785,67,34,540,1016,0.263,0.332,0.448,0.78,102,2485,157,63,28,47,33,1067,19,28.3,4.47,89,74,0.546,4.06,163,163,159,4,10,0,34,1457.2,1471,729,658,156,460,42,1147,48,3,54,6218,112,4,1.325,9.1,1,2.8,7.1,2.49,1116
2008,LAA,1,0,ds,41,28.9,4.72,162,6155,5540,765,1486,274,25,159,721,129,48,481,987,0.268,0.33,0.413,0.743,95,2287,140,52,32,50,52,1087,19,27.6,4.3,100,62,0.617,3.99,162,162,155,7,10,1,66,1451.1,1455,697,644,160,457,32,1106,63,2,50,6161,112,4.12,1.317,9,1,2.8,6.9,2.42,1110
2008,LAD,4,0,cs,46,28.5,4.32,162,6194,5506,700,1455,271,29,137,659,126,43,543,1032,0.264,0.333,0.399,0.732,93,2195,153,43,64,38,62,1161,22,29.5,4,84,78,0.519,3.68,162,162,157,5,11,4,35,1447.1,1381,648,591,123,480,58,1205,48,4,47,6127,114,3.67,1.286,8.6,0.8,3,7.5,2.51,1137
2008,MIL,1,0,ds,44,28.6,4.63,162,6252,5535,750,1398,324,35,198,722,108,38,550,1203,0.253,0.325,0.431,0.757,99,2386,97,69,54,43,44,1153,20,29.9,4.25,90,72,0.556,3.85,162,162,150,12,10,6,45,1455.2,1415,689,623,175,528,32,1110,42,5,53,6209,109,4.34,1.335,8.7,1.1,3.3,6.9,2.1,1153
2008,PHI,11,1,wsw,40,30.1,4.93,162,6273,5509,799,1407,291,36,214,762,136,25,586,1117,0.255,0.332,0.438,0.77,99,2412,108,67,71,40,68,1154,18,30.6,4.2,92,70,0.568,3.88,162,162,158,4,11,3,47,1449.2,1444,680,625,160,533,64,1081,57,3,34,6229,112,4.3,1.364,9,1,3.3,6.7,2.03,1200
2008,TBR,8,0,wsl,46,27.2,4.78,162,6312,5541,774,1443,284,37,180,735,142,50,626,1224,0.26,0.34,0.422,0.762,101,2341,111,68,23,52,33,1215,21,27.5,4.14,97,65,0.599,3.82,162,162,155,7,12,5,52,1457.2,1349,671,618,166,526,29,1143,46,3,52,6145,116,4.22,1.286,8.3,1,3.2,7.1,2.17,1101
2009,BOS,0,0,ds,52,30,5.38,162,6344,5543,872,1495,335,25,212,822,126,39,659,1120,0.27,0.352,0.454,0.806,106,2516,137,70,19,51,39,1210,27,29.8,4.54,95,67,0.586,4.35,162,162,154,8,11,2,41,1436.2,1494,736,695,167,530,24,1230,68,5,42,6283,107,4.14,1.409,9.4,1,3.3,7.7,2.32,1237
2009,COL,1,0,ds,45,27.8,4.96,162,6241,5398,804,1408,300,50,190,760,106,55,660,1277,0.261,0.343,0.441,0.784,96,2378,111,47,76,60,40,1147,25,28.5,4.41,92,70,0.568,4.22,162,162,157,5,7,2,45,1438.1,1427,715,675,141,528,51,1154,46,5,48,6171,112,3.96,1.359,8.9,0.9,3.3,7.2,2.19,1141
2009,LAA,4,0,cs,46,29.5,5.45,162,6305,5622,883,1604,293,33,173,841,148,63,547,1054,0.285,0.35,0.441,0.792,108,2482,128,41,43,52,32,1134,25,28.6,4.7,97,65,0.599,4.45,162,162,153,9,13,6,51,1445,1513,761,715,180,523,35,1062,58,2,67,6252,99,4.45,1.409,9.4,1.1,3.3,6.6,2.03,1156
2009,LAD,4,0,cs,47,29.7,4.81,162,6385,5592,780,1511,278,39,145,739,116,48,607,1068,0.27,0.346,0.412,0.758,104,2302,141,63,78,44,76,1224,25,27.8,3.77,95,67,0.586,3.41,162,162,161,1,9,1,44,1473.1,1265,611,558,127,584,68,1272,57,2,76,6182,118,3.8,1.255,7.7,0.8,3.6,7.8,2.18,1151
2009,MIN,0,0,ds,42,27.7,5.01,163,6346,5608,817,1539,271,40,172,770,85,32,585,1021,0.274,0.345,0.429,0.774,104,2406,147,45,51,57,46,1185,24,27.9,4.69,87,76,0.534,4.5,163,163,159,4,7,1,48,1453,1542,765,726,185,466,20,1052,58,3,43,6274,98,4.39,1.382,9.6,1.1,2.9,6.5,2.26,1150
2009,NYY,11,1,wsw,45,30.4,5.65,162,6449,5660,915,1604,325,21,244,881,111,28,663,1014,0.283,0.362,0.478,0.839,114,2703,144,54,31,39,35,1238,24,29.3,4.65,103,59,0.636,4.26,162,162,159,3,8,1,51,1450,1386,753,687,181,574,28,1260,71,5,66,6247,108,4.32,1.352,8.6,1.1,3.6,7.8,2.2,1144
2009,PHI,9,0,wsl,41,31.3,5.06,162,6338,5578,820,1439,312,35,224,788,119,28,589,1155,0.258,0.334,0.447,0.781,104,2493,90,71,55,45,47,1192,22,31.2,4.38,93,69,0.574,4.16,162,162,154,8,9,5,44,1455.2,1479,709,673,189,489,31,1153,75,2,28,6263,101,4.36,1.352,9.1,1.2,3,7.1,2.36,1187
2009,STL,0,0,ds,42,28.5,4.51,162,6168,5465,730,1436,294,29,160,694,75,31,528,1041,0.263,0.332,0.415,0.747,98,2268,127,61,68,43,73,1152,20,30.1,3.95,91,71,0.562,3.66,162,162,154,8,11,4,43,1440.2,1407,640,586,123,460,23,1049,53,5,43,6087,112,3.82,1.296,8.8,0.8,2.9,6.6,2.28,1125
2010,ATL,1,0,ds,43,28.6,4.56,162,6252,5463,738,1411,312,25,139,699,63,29,634,1140,0.258,0.339,0.401,0.74,101,2190,136,51,69,35,50,1222,21,30.1,3.88,91,71,0.562,3.56,162,162,160,2,9,0,41,1439.1,1326,629,569,126,505,64,1241,49,3,42,6052,110,3.65,1.272,8.3,0.8,3.2,7.8,2.46,1105
2010,CIN,0,0,ds,44,29,4.88,162,6285,5579,790,1515,293,30,188,761,93,43,522,1218,0.272,0.338,0.436,0.774,106,2432,113,68,66,50,34,1174,23,28.2,4.23,91,71,0.562,4.01,162,162,158,4,9,2,43,1453,1404,685,648,158,524,32,1130,50,6,48,6182,102,4.12,1.327,8.7,1,3.2,7,2.16,1138
2010,MIN,0,0,ds,42,28.4,4.82,162,6257,5568,781,1521,318,41,142,749,68,28,559,967,0.273,0.341,0.422,0.762,109,2347,159,39,38,53,45,1156,21,28.6,4.14,94,68,0.58,3.95,162,162,153,9,13,3,40,1452.2,1493,671,638,155,383,19,1048,47,4,41,6106,103,3.91,1.291,9.2,1,2.4,6.5,2.74,1077
2010,NYY,5,0,cs,43,30.2,5.3,162,6379,5567,859,1485,275,32,201,823,103,30,662,1136,0.267,0.35,0.436,0.786,108,2427,124,73,33,44,36,1228,21,30.3,4.28,95,67,0.586,4.06,162,162,159,3,8,0,39,1442.1,1349,693,651,179,540,37,1154,62,6,69,6102,107,4.34,1.31,8.4,1.1,3.4,7.2,2.14,1082
2010,PHI,5,0,cs,42,31.8,4.77,162,6291,5581,772,1451,290,34,166,736,108,21,560,1064,0.26,0.332,0.413,0.745,98,2307,120,63,44,43,69,1194,21,31.1,3.95,97,65,0.599,3.67,162,162,148,14,21,6,40,1456.1,1402,640,594,168,416,42,1183,57,5,26,6095,111,3.93,1.248,8.7,1,2.6,7.3,2.84,1086
2010,SFG,11,1,wsw,42,29.5,4.3,162,6143,5488,697,1411,284,30,162,660,55,32,487,1099,0.257,0.321,0.408,0.729,98,2241,158,50,76,41,53,1092,19,27.9,3.6,92,70,0.568,3.36,162,162,156,6,17,3,57,1461,1279,583,546,134,578,58,1331,51,4,74,6159,117,3.74,1.271,7.9,0.8,3.6,8.2,2.3,1193
2010,TBR,2,0,ds,37,27.7,4.95,162,6270,5439,802,1343,295,37,160,769,172,47,672,1292,0.247,0.333,0.403,0.736,105,2192,92,57,39,57,30,1152,17,28,4.01,96,66,0.593,3.78,162,162,156,6,12,3,51,1453.2,1347,649,611,175,478,34,1189,46,9,60,6103,103,4.09,1.255,8.3,1.1,3,7.4,2.49,1093
2010,TEX,8,0,wsl,48,28.3,4.86,162,6302,5635,787,1556,268,25,162,740,123,48,511,986,0.276,0.338,0.419,0.757,98,2360,129,45,53,54,37,1174,22,27.6,4.24,90,72,0.556,3.93,162,162,155,7,8,0,46,1455.1,1355,687,636,162,551,24,1181,63,4,56,6213,114,4.17,1.31,8.4,1,3.4,7.3,2.14,1160
2011,ARI,2,0,ds,51,28.3,4.51,162,6096,5421,731,1357,293,37,172,702,133,55,531,1249,0.25,0.322,0.413,0.736,99,2240,82,61,50,33,55,1064,25,27.4,4.09,94,68,0.58,3.8,162,162,157,5,12,1,58,1443.1,1414,662,609,159,442,16,1058,53,7,39,6102,104,4.02,1.286,8.8,1,2.8,6.6,2.39,1110
2011,DET,5,0,cs,45,28.6,4.86,162,6231,5563,787,1540,297,34,169,750,49,20,521,1143,0.277,0.34,0.434,0.773,109,2412,142,39,50,58,47,1165,26,27.8,4.39,95,67,0.586,4.04,162,162,158,4,14,2,52,1440,1406,711,647,149,492,34,1115,52,5,69,6108,103,3.95,1.318,8.8,0.9,3.1,7,2.27,1077
2011,MIL,5,0,cs,48,28.9,4.45,162,6113,5447,721,1422,276,31,185,693,94,31,481,1083,0.261,0.325,0.425,0.75,102,2315,114,56,85,44,53,1110,22,29.3,3.94,96,66,0.593,3.63,162,162,161,1,13,1,47,1441.2,1348,638,582,147,440,16,1257,33,5,70,6048,109,3.59,1.24,8.4,0.9,2.7,7.8,2.86,1085
2011,NYY,2,0,ds,48,30.5,5.35,162,6306,5518,867,1452,267,33,222,836,147,46,627,1138,0.263,0.343,0.444,0.788,110,2451,146,74,36,51,34,1114,28,31,4.06,97,65,0.599,3.73,162,162,157,5,8,3,47,1458.1,1423,657,605,152,507,43,1222,58,3,67,6216,116,3.87,1.323,8.8,0.9,3.1,7.5,2.41,1184
2011,PHI,2,0,ds,42,31.5,4.4,162,6279,5579,713,1409,258,38,153,693,96,24,539,1024,0.253,0.323,0.395,0.717,96,2202,108,56,65,38,52,1197,23,29.2,3.27,102,60,0.63,3.02,162,162,144,18,21,7,47,1477,1320,529,495,120,404,41,1299,47,6,23,6069,127,3.24,1.167,8,0.7,2.5,7.9,3.22,1109
2011,STL,11,1,wsw,46,29.3,4.7,162,6242,5532,762,1513,308,22,162,726,57,39,542,978,0.273,0.341,0.425,0.766,112,2351,169,44,84,40,64,1127,24,30.2,4.27,90,72,0.556,3.74,162,162,155,7,9,5,47,1462,1461,692,608,136,448,44,1098,46,3,48,6211,99,3.75,1.306,9,0.8,2.8,6.8,2.45,1133
2011,TBR,1,0,ds,42,28.3,4.36,162,6152,5436,707,1324,273,37,172,674,155,62,571,1193,0.244,0.322,0.402,0.724,104,2187,101,73,37,35,31,1118,21,27.8,3.79,91,71,0.562,3.58,162,162,147,15,13,5,32,1449,1263,614,577,161,504,38,1143,46,3,45,6010,105,4.03,1.219,7.8,1,3.1,7.1,2.27,1049
2011,TEX,10,0,wsl,45,29.2,5.28,162,6261,5659,855,1599,310,32,210,807,143,45,475,930,0.283,0.34,0.46,0.8,110,2603,135,39,39,49,35,1126,25,28.8,4.18,96,66,0.593,3.79,162,162,152,10,19,7,38,1441.1,1327,677,607,170,461,21,1179,46,6,43,6021,117,3.98,1.241,8.3,1.1,2.9,7.4,2.56,1020
2012,BAL,2,0,ds,52,28,4.4,162,6160,5560,712,1375,270,16,214,677,58,29,480,1315,0.247,0.311,0.417,0.728,97,2319,152,50,38,30,24,1027,26,27.6,4.35,93,69,0.574,3.9,162,162,161,1,10,1,55,1483,1433,705,642,184,481,36,1177,53,6,34,6278,109,4.2,1.291,8.7,1.1,2.9,7.1,2.45,1124
2012,CIN,2,0,ds,38,28.8,4.13,162,6115,5477,669,1377,296,30,172,636,87,27,481,1266,0.251,0.315,0.411,0.726,93,2249,100,47,73,37,54,1135,17,27.1,3.63,97,65,0.599,3.34,162,162,153,9,12,2,56,1453,1356,588,540,152,427,33,1248,51,7,34,6056,123,3.72,1.227,8.4,0.9,2.6,7.7,2.92,1109
2012,DET,7,0,wsl,47,28,4.48,162,6119,5476,726,1467,279,39,163,698,59,23,511,1103,0.268,0.335,0.422,0.757,103,2313,156,57,36,39,46,1121,23,28.2,4.14,88,74,0.543,3.75,162,162,153,9,8,3,40,1430.2,1409,670,596,151,438,35,1318,42,6,46,6045,113,3.63,1.291,8.9,0.9,2.8,8.3,3.01,1083
2012,NYY,3,0,cs,45,32.7,4.96,162,6231,5524,804,1462,280,13,245,774,93,27,565,1176,0.265,0.337,0.453,0.79,112,2503,136,62,31,49,31,1135,23,30.3,4.12,95,67,0.586,3.84,162,162,156,6,9,2,51,1445.1,1401,668,617,190,431,32,1318,49,9,53,6085,110,3.98,1.268,8.7,1.2,2.7,8.2,3.06,1081
2012,OAK,2,0,ds,50,27.7,4.4,162,6183,5527,713,1315,267,32,195,676,122,32,550,1387,0.238,0.31,0.404,0.714,99,2231,97,45,27,34,29,1095,25,27.9,3.79,94,68,0.58,3.48,162,162,161,1,13,0,47,1470,1360,614,569,147,462,34,1136,46,5,40,6131,112,3.89,1.239,8.3,0.9,2.8,7,2.46,1107
2012,SFG,11,1,wsw,45,27.8,4.43,162,6200,5558,718,1495,287,57,103,675,118,39,483,1097,0.269,0.327,0.397,0.724,106,2205,114,29,69,61,44,1171,23,30,4.01,94,68,0.58,3.68,162,162,157,5,14,4,53,1451,1361,649,593,142,489,42,1237,51,4,54,6138,96,3.78,1.275,8.4,0.9,3,7.7,2.53,1136
2012,STL,6,0,cs,45,29.2,4.72,162,6326,5622,765,1526,290,37,159,732,91,37,533,1192,0.271,0.338,0.421,0.759,107,2367,135,53,69,49,45,1198,24,28.6,4,88,74,0.543,3.71,162,162,158,4,10,2,42,1462.2,1420,648,603,134,436,28,1218,50,4,46,6158,103,3.62,1.269,8.7,0.8,2.7,7.5,2.79,1122
2012,WSN,2,0,ds,43,27.2,4.51,162,6221,5615,731,1468,301,25,194,688,105,35,479,1325,0.261,0.322,0.428,0.75,101,2401,110,41,50,36,43,1127,19,27,3.67,98,64,0.605,3.33,162,162,159,3,9,1,51,1468.1,1296,594,543,129,497,32,1325,47,4,62,6133,120,3.54,1.221,7.9,0.8,3,8.1,2.67,1134
2013,ATL,1,0,ds,44,26.8,4.25,162,6133,5441,688,1354,247,21,181,656,64,31,542,1384,0.249,0.321,0.402,0.723,99,2186,119,55,58,35,36,1132,21,27.2,3.38,96,66,0.593,3.18,162,162,161,1,12,0,53,1450.1,1326,548,512,127,409,35,1232,51,3,50,5989,118,3.44,1.196,8.2,0.8,2.5,7.6,3.01,1090
2013,LAD,5,0,cs,49,30.6,4.01,162,6145,5491,649,1447,281,17,138,618,78,28,476,1146,0.264,0.326,0.396,0.722,103,2176,130,57,71,48,45,1175,27,28.1,3.59,92,70,0.568,3.25,162,162,155,7,22,4,46,1450.1,1321,582,524,127,460,44,1292,43,3,66,6032,110,3.44,1.228,8.2,0.8,2.9,8,2.81,1099
2013,PIT,2,0,ds,49,27.9,3.91,162,6135,5486,634,1346,273,35,161,603,94,42,469,1330,0.245,0.313,0.396,0.709,100,2172,120,88,62,29,41,1126,28,28.7,3.56,94,68,0.58,3.26,162,162,159,3,16,0,55,1470.2,1299,577,533,101,515,26,1261,70,6,81,6147,109,3.42,1.233,7.9,0.6,3.2,7.7,2.45,1158
2013,STL,9,0,wsl,44,28.6,4.83,162,6202,5557,783,1494,322,20,125,745,45,22,481,1110,0.269,0.332,0.401,0.733,102,2231,154,64,56,44,38,1087,25,26.9,3.68,97,65,0.599,3.42,162,162,155,7,15,4,44,1459.2,1366,596,555,112,451,26,1254,64,1,33,6104,110,3.39,1.245,8.4,0.7,2.8,7.7,2.78,1129
2013,BOS,11,1,wsw,48,29.6,5.27,162,6382,5651,853,1566,363,29,178,819,123,19,581,1308,0.277,0.349,0.446,0.795,116,2521,137,72,24,50,51,1212,26,30.2,4.05,97,65,0.599,3.79,162,162,157,5,8,2,33,1454,1366,656,613,156,524,10,1294,47,5,47,6143,109,3.84,1.3,8.5,1,3.2,8,2.47,1125
2013,DET,5,0,cs,39,29.9,4.91,162,6388,5735,796,1625,292,23,176,767,35,20,531,1073,0.283,0.346,0.434,0.78,111,2491,146,43,32,47,40,1250,20,28.4,3.85,93,69,0.574,3.61,162,162,159,3,12,1,39,1462.2,1369,624,587,128,462,29,1428,42,7,63,6119,116,3.27,1.252,8.4,0.8,2.8,8.8,3.09,1107
2013,OAK,2,0,ds,44,28.3,4.73,162,6209,5521,767,1403,301,25,186,725,74,28,573,1178,0.254,0.327,0.419,0.745,107,2312,108,45,21,49,29,1126,18,28.3,3.86,96,66,0.593,3.56,162,162,156,6,13,4,46,1452,1339,625,574,163,428,23,1183,35,1,56,6069,109,3.83,1.217,8.3,1,2.7,7.3,2.76,1088
2013,TBR,1,0,ds,42,29.6,4.29,163,6242,5538,700,1421,296,23,165,670,73,38,589,1171,0.257,0.329,0.408,0.737,106,2258,140,36,24,55,31,1172,21,29,3.96,92,71,0.564,3.74,163,163,154,9,17,3,42,1464,1315,646,608,153,482,38,1310,52,6,69,6083,103,3.71,1.227,8.1,0.9,3,8.1,2.72,1045
2014,BAL,3,0,cs,44,28.3,4.35,162,6130,5596,705,1434,264,16,211,681,44,20,401,1285,0.256,0.311,0.422,0.734,104,2363,112,62,35,36,29,1088,20,27.7,3.66,96,66,0.593,3.43,162,162,159,3,13,2,53,1461.1,1342,593,557,151,472,25,1174,59,2,42,6104,115,3.96,1.241,8.3,0.9,2.9,7.2,2.49,1127
2014,DET,0,0,ds,48,29.7,4.67,162,6202,5630,757,1557,325,26,155,731,106,41,443,1144,0.277,0.331,0.426,0.757,113,2399,137,44,24,61,51,1111,30,28.5,4.35,90,72,0.556,4.01,162,162,157,5,8,4,41,1454,1475,705,648,127,462,34,1244,42,9,43,6191,97,3.6,1.332,9.1,0.8,2.9,7.7,2.69,1124
2014,KCR,10,0,wsl,48,28.2,4.02,162,6058,5545,651,1456,286,29,95,604,153,36,380,985,0.263,0.314,0.376,0.69,92,2085,131,53,33,47,22,1080,23,28.9,3.85,89,73,0.549,3.51,162,162,159,3,14,2,53,1450.2,1386,624,565,128,440,14,1168,56,6,58,6101,113,3.69,1.259,8.6,0.8,2.7,7.2,2.65,1125
2014,LAA,0,0,ds,54,29.3,4.77,162,6285,5652,773,1464,304,31,155,729,81,39,492,1266,0.259,0.322,0.406,0.728,110,2295,112,60,26,54,42,1113,31,28.4,3.89,98,64,0.605,3.58,162,162,159,3,13,2,46,1482.2,1307,630,590,126,504,41,1342,63,4,74,6179,101,3.57,1.221,7.9,0.8,3.1,8.1,2.66,1101
2014,LAD,1,0,ds,49,29.4,4.43,162,6231,5560,718,1476,302,38,134,686,138,50,519,1246,0.265,0.333,0.406,0.738,110,2256,119,61,47,43,30,1159,25,29.9,3.81,94,68,0.58,3.4,162,162,155,7,16,3,47,1464.2,1338,617,554,142,429,35,1373,41,4,64,6075,103,3.48,1.206,8.2,0.9,2.6,8.4,3.2,1064
2014,SFG,11,1,wsw,46,28.6,4.1,162,6087,5523,665,1407,257,42,132,636,56,27,427,1245,0.255,0.311,0.388,0.699,99,2144,113,43,45,49,37,1095,21,31.7,3.79,88,74,0.543,3.5,162,162,154,8,12,3,46,1449,1305,614,564,133,389,35,1211,57,6,49,5947,99,3.58,1.169,8.1,0.8,2.4,7.5,3.11,986
2014,STL,4,0,cs,46,28.5,3.82,162,6086,5426,619,1371,275,21,105,585,57,32,471,1133,0.253,0.32,0.369,0.689,93,2003,140,86,64,39,28,1145,24,27.2,3.72,90,72,0.556,3.5,162,162,154,8,23,5,55,1448.2,1321,603,564,123,470,35,1221,61,5,44,6069,104,3.65,1.236,8.2,0.8,2.9,7.6,2.6,1120
2014,WSN,1,0,ds,40,28.7,4.23,162,6216,5542,686,1403,265,27,152,635,101,23,517,1304,0.253,0.321,0.393,0.714,96,2178,115,56,60,41,29,1160,18,28.3,3.43,96,66,0.593,3.03,162,162,157,5,19,4,45,1470.2,1351,555,495,110,352,26,1288,51,2,37,6020,124,3.17,1.158,8.3,0.7,2.2,7.9,3.66,1053
2015,CHC,3,0,cs,50,26.9,4.25,162,6200,5491,689,1341,272,30,171,657,95,37,567,1518,0.244,0.321,0.398,0.719,98,2186,101,74,32,35,47,1165,29,29.3,3.75,97,65,0.599,3.36,162,162,156,6,21,4,48,1461.1,1276,608,546,134,407,38,1431,46,3,66,5997,114,3.3,1.152,7.9,0.8,2.5,8.8,3.52,1005
2015,HOU,2,0,ds,46,26.6,4.5,162,6073,5459,729,1363,278,26,230,691,121,48,486,1392,0.25,0.315,0.437,0.752,107,2383,102,56,28,43,22,1036,24,29.4,3.81,86,76,0.531,3.57,162,162,157,5,13,3,39,1441,1308,618,572,148,423,17,1280,43,2,61,5965,110,3.66,1.201,8.2,0.9,2.6,8,3.03,1024
2015,KCR,11,1,wsw,45,29.1,4.47,162,6116,5575,724,1497,300,42,139,689,104,34,383,973,0.269,0.322,0.412,0.734,98,2298,133,77,34,47,28,1079,24,30,3.96,95,67,0.586,3.73,162,162,160,2,8,1,56,1452,1372,641,601,155,489,10,1160,52,2,62,6112,112,4.04,1.282,8.5,1,3,7.2,2.37,1115
2015,LAD,2,0,ds,55,29.6,4.12,162,6090,5385,667,1346,263,26,187,638,59,34,563,1258,0.25,0.326,0.413,0.739,106,2222,135,60,49,30,31,1121,31,28.1,3.67,92,70,0.568,3.44,162,162,156,6,21,3,47,1445.2,1317,595,553,145,395,32,1396,38,10,52,5932,107,3.41,1.184,8.2,0.9,2.5,8.7,3.53,1000
2015,NYM,8,0,wsl,49,28.5,4.22,162,6145,5527,683,1351,295,17,177,654,51,25,488,1290,0.244,0.312,0.4,0.712,96,2211,130,68,29,32,42,1098,26,28.2,3.78,90,72,0.556,3.43,162,162,161,1,14,1,50,1462.2,1341,613,557,152,383,43,1337,44,2,46,6046,111,3.53,1.179,8.3,0.9,2.4,8.2,3.49,1045
2015,STL,1,0,ds,46,28.4,3.99,162,6139,5484,647,1386,288,39,137,619,69,38,506,1267,0.253,0.321,0.394,0.716,95,2163,128,66,39,42,47,1152,23,28.2,3.24,100,62,0.617,2.94,162,162,161,1,15,0,62,1464.2,1359,525,478,123,477,37,1329,45,5,48,6134,134,3.47,1.254,8.4,0.8,2.9,8.2,2.79,1215
2015,TEX,2,0,ds,57,28.6,4.64,162,6187,5511,751,1419,279,32,172,707,101,39,503,1233,0.257,0.325,0.413,0.739,98,2278,99,76,43,54,32,1130,31,28.1,4.52,88,74,0.543,4.24,162,162,157,5,9,3,45,1442.2,1459,733,680,171,508,29,1095,63,5,51,6215,100,4.34,1.363,9.1,1.1,3.2,6.8,2.16,1154
2015,TOR,5,0,cs,52,29.4,5.5,162,6232,5509,891,1480,308,17,232,852,88,23,570,1151,0.269,0.34,0.457,0.797,115,2518,140,54,36,62,12,1057,28,29.2,4.14,93,69,0.574,3.8,162,162,155,7,10,2,34,1441,1353,670,609,173,397,20,1117,59,4,62,5984,108,4.09,1.214,8.5,1.1,2.5,7,2.81,991
2016,BOS,0,0,ds,43,28.5,5.42,162,6320,5670,878,1598,343,25,208,836,83,24,558,1160,0.282,0.348,0.461,0.81,110,2615,137,43,8,40,34,1162,25,29,4.28,93,69,0.574,4,162,162,153,9,5,1,43,1439.2,1342,694,640,176,490,16,1362,65,0,52,6073,114,4,1.273,8.4,1.1,3.1,8.5,2.78,1060
2016,CHC,11,1,wsw,45,27.4,4.99,162,6335,5503,808,1409,293,30,199,767,66,34,656,1339,0.256,0.343,0.429,0.772,107,2359,107,96,42,37,45,1217,26,29.9,3.43,103,58,0.64,3.15,162,162,157,5,15,2,38,1459.2,1125,556,511,163,495,24,1441,63,0,80,5933,128,3.77,1.11,6.9,1,3.1,8.9,2.91,998
2016,CLE,10,0,wsl,39,28.9,4.83,161,6155,5484,777,1435,308,29,185,733,134,31,531,1246,0.262,0.329,0.43,0.759,94,2356,137,49,31,60,16,1084,27,28.1,4.2,94,67,0.584,3.84,161,161,156,5,11,3,37,1445,1330,676,617,186,461,34,1398,34,7,49,6033,122,3.91,1.239,8.3,1.2,2.9,8.7,3.03,1022
2016,LAD,5,0,cs,55,28.9,4.48,162,6164,5518,725,1376,272,21,189,680,45,26,525,1321,0.249,0.319,0.409,0.728,98,2257,120,58,30,32,31,1106,31,28.9,3.94,91,71,0.562,3.7,162,162,159,3,15,3,47,1453,1266,638,598,165,464,51,1510,53,5,58,6014,106,3.61,1.191,7.8,1,2.9,9.4,3.25,1017
2016,SFG,1,0,ds,45,29.2,4.41,162,6271,5565,715,1437,280,54,130,675,79,36,572,1107,0.258,0.329,0.398,0.728,94,2215,120,42,42,46,43,1188,24,30,3.9,87,75,0.537,3.65,162,162,152,10,11,3,43,1460.1,1334,631,593,158,439,30,1309,46,6,40,6048,111,3.76,1.214,8.2,1,2.7,8.1,2.98,1037
2016,TEX,0,0,ds,40,28.4,4.72,162,6089,5525,765,1446,257,23,215,746,99,36,436,1220,0.262,0.322,0.433,0.755,96,2394,114,70,18,40,23,1038,31,28.8,4.67,95,67,0.586,4.37,162,162,161,1,6,0,56,1443,1441,757,700,201,534,16,1154,53,5,45,6186,103,4.58,1.369,9,1.3,3.3,7.2,2.16,1100
2016,TOR,4,0,cs,38,30,4.69,162,6233,5479,759,1358,276,18,221,728,54,24,632,1362,0.248,0.33,0.426,0.755,100,2333,153,55,26,40,16,1120,29,29.8,4.11,89,73,0.549,3.78,162,162,162,0,10,0,43,1459.1,1340,666,613,183,461,10,1314,59,7,50,6113,114,4.04,1.234,8.3,1.1,2.8,8.1,2.85,1069
2016,WSN,2,0,ds,43,28.8,4.71,162,6201,5490,763,1403,268,29,203,735,121,39,536,1252,0.256,0.326,0.426,0.751,98,2338,102,64,48,63,49,1105,24,29.1,3.78,95,67,0.586,3.51,162,162,161,1,12,0,46,1459.2,1272,612,570,155,468,43,1476,57,4,47,6036,119,3.58,1.192,7.8,1,2.9,9.1,3.15,1045
